,ecli,appno,respondent,languageisocode,representedby,violation,docname,separateopinion,judgementdate,scl,publishedby,doctypebranch,applicability,conclusion,importance,externalsources,rulesofcourt,referencedate,extractedappno,itemid,article,issue,nonviolation,originatingbody,doctype,rank,importance_inverted,doctypebranch_inverted,degree_centrality,in_degree_centrality,out_degree_centrality,relative_in_degree_centrality,core_number,betweenness_centrality,closeness_centrality,harmonic_centrality,current_flow_betweenness,current_flow_closeness,eigenvector_centrality,pagerank,hits_hub,hits_authority,hits_combined,trophic_level,forest_closeness,disruption,composite_ranking_importance_weight_composite_ranking,composite_ranking_importance_threshold_composite_ranking,composite_ranking_doctypebranch_weight_composite_ranking,composite_ranking_doctypebranch_threshold_composite_ranking
0,ECLI:CE:ECHR:2007:0412JUD006645501,66455/01,BGR,ENG,EKIMDJIEV M.,6;6-1,CASE OF BULINWAR OOD AND HRUSANOV v. BULGARIA,False,12/04/2007 00:00:00,"Agrotexim and Others v. Greece, judgment of 24 October 1995, Series A no. 330 A, pp.25-26, §§ 66-72;Beyeler v. Italy [GC], no. 33202/96, § 107, ECHR 2000-I;British American Tobacco Company Ltd v. the Netherlands of 20 November 1995, Series A no. 331, p. 25, § 78;Bryan v. the United Kingdom of 22 November 1995, se´rie A no. 335-A, p. 17, §§ 44-45;Credit and Industrial Bank and Moravec v. the Czech Republic, no. 29010/95, decision of the Commission of 20 May 1998;Fischer v. Austria of 26 April 1995, se´rie A no. 312, p. 17, § 29;Florica v. Romania (dec.), no. 49781/99, 29 June 2004;Korkmaz v. Turkey (dec.), no. 42589/98, 5 September 2002;Le Compte, Van Leuven and De Meyere v. Belgium of 23 June 1981, se´rie A no. 43, p. 23, § 51;Richard Roy Allan v. the United Kingdom (dec.), no. 48539/99, 28 August 2001;Skärby v. Sweden, judgment of 28 June 1990, Series A no. 180 B, pp. 36-37, §§ 28 and 29;Skärby v. Sweden, no. 12258/86, decision of the Commission of 9 May 1988;Terra Woningen B.V. v. the Netherlands, judgment of 17 December 1996, Reports 1996 VI, pp. 2122-2123, §§ 53 55;Terra Woningen B.V. v. the Netherlands, no. 20641/92, decision of the Commission of 5 July 1994",,2,,Preliminary objection rejected (six month period);Violation of Art. 6-1;Remainder inadmissible;Pecuniary damage - claim rejected;Non-pecuniary damage - finding of violation sufficient;Costs and expenses partial award - Convention proceedings,2,,,,,001-80162,6;6-1;13;29;29-3;34;35;35-1;41;P1-1;P1-1-1,,,23,HEJUD,4.785272,1,0,0.0,0.0,0.0,0.0,0,0.0,0.0,0.0,0.0,0.0,0.0006739093782301564,0.01301236174529192,0.0,0.0,0.0,1.0,0.0,0.0,40.0,40.0,40.0,40.0
1,ECLI:CE:ECHR:2006:1207JUD004311604,43116/04,UKR,ENG,BYCHKOVSKIY V.,6;6-1,CASE OF IVASHCHISHINA v. UKRAINE,False,07/12/2006 00:00:00,"Romashov v. Ukraine, no. 67534/01, §§ 23-27, 27 July 2004;Sharenok v. Ukraine, no. 35087/02, §§ 37-38, 22 February 2005;Sokur v. Ukraine, no. 29439/02, § 17-22, 36-37, 26 April 2005",,2,,Preliminary objection dismissed (victim);Violation of Art. 6-1;Violation of P1-1;Pecuniary damage - financial award;Non-pecuniary damage - financial award,3,,,,43116/04;29439/02;67534/01;35087/02,001-78418,6;6-1;29;29-3;34;P1-1;P1-1-1,,,23,HEJUD,4.785272,0,0,0.0,0.0,0.0,0.0,0,0.0,0.0,0.0,0.0,0.0,0.0006739093782301564,0.01301236174529192,0.0,-2.775557561562892e-17,-2.775557561562892e-17,1.0,0.0,0.0,40.0,40.0,40.0,40.0
2,ECLI:CE:ECHR:2006:1214JUD002937202,29372/02,RUS,ENG,,10,CASE OF KARMAN v. RUSSIA,False,14/12/2006 00:00:00,"Bladet Tromsø and Stensaas v. Norway [GC], no. 21980/93, § 59, ECHR 1999-III;Constantinescu v. Romania, no. 28871/95, ECHR 2000-VIII;De Haes and Gijsels v. Belgium, judgment of 24 February 1997, Reports of Judgments and Decisions 1997-I, § 37;Feldek v. Slovakia, no. 29032/95, § 83, 86, ECHR 2001-VIII;Grinberg v. Russia, no. 23472/03, §§ 26-27, 30-31, 21 July 2005;Jerusalem v. Austria, no. 26958/95, § 35, 39, 44-45, ECHR 2001-II;Prager and Oberschlick v. Austria (no. 1), judgment of 26 April 1995, Series A no. 313, § 38;Scharsach and News Verlagsgesellschaft v. Austria, no. 39394/98, §§ 39, 40, 43, ECHR 2003-XI;Sürek v. Turkey (no. 1) [GC], no. 26682/95, § 61, ECHR 1999-IV;Unabhängige Initiative Informations-vielfalt v. Austria, no. 28525/95, § 46, ECHR 2002-I;Wirtschafts-Trend Zeitschriften-Verlags GmbH v. Austria, no. 58547/00, § 39, 27 October 2005",,2,,Violation of Art. 10;Non-pecuniary damage - financial award;Not necessary to examine Art. 6,3,,,,29372/02;28871/95;23472/03;26958/95;21980/93;29032/95;26682/95;39394/98;28525/95;58547/00,001-78574,6;10;10-1;10-2;29;29-3;41,,,23,HEJUD,4.7850375,0,0,0.0,0.0,0.0,0.0,0,0.0,0.0,0.0,0.0,0.0,0.0006739093782301564,0.01301236174529192,0.0,0.0,0.0,1.0,0.0,0.0,40.0,40.0,40.0,40.0
3,ECLI:CE:ECHR:2008:0610JUD006927301,69273/01,ROU,ENG,LORENZI A.,5;5-1-f;5-4,CASE OF GALLIANI v. ROMANIA,False,10/06/2008 00:00:00,"Amuur v. France, judgment of 25 June 1996, Reports 1996 III, pp. 850-51, § 50;Aquilina v. Malta [GC], no. 25642/94, § 39, ECHR 1999 III;Benham v. the United Kingdom, judgment of 10 June 1996, Reports 1996-III, p. 753, § 41;Bozano v. France, judgment of 18 December 1986, 
Series A no. 111, p. 23, § 54;Chahal v. the United Kingdom, judgment of 15 November 1996, Reports 1996-V, p. 1862, § 112;Chahal, cited above, p. 1864, § 118;Conka v. Belgium, no. 51564/99, §§ 38-39, ECHR 2002 I;Dougoz v. Greece, no. 40907/98, § 55, ECHR 2001 II;E. v. Norway, judgment of 29 August 1990, Series A no. 181 A, pp. 25-26, § 60;Murray v. the United Kingdom, judgment of 28 October 1994, Series A no. 300-A, p. 31, § 72;Navarra v. France, judgment of 23 November 1993, Series A no. 273-B, p. 27, § 24;Nikolova v. Bulgaria [GC], no. 31195/96, § 76, ECHR 1999 II;Saadi v. the United Kingdom [GC], no. 13229/03, §§ 87-89, 29 January 2008;Salapa v. Poland, no. 35489/97, § 107, 19 December 2002;Van der Leer v. the Netherlands, judgment of 21 February 1990, Series A no. 170 A, p. 14, § 35;Wloch v. Poland, no. 27785/95, § 157, ECHR 2000 XI;Zeciri v. Italy, no. 55764/00, § 56, 4 August 2005",,2,,Preliminary objection joined to merits and dismissed (non-exhaustion of domestic remedies);Violation of Art. 5-1-f;No violation of Art. 5-2;Violation of Art. 5-4;Remainder inadmissible;Non-pecuniary damage - finding of violation sufficient;Pecuniary damage - claim dismissed,2,,,,69273/01;48102/99;12338/02;51564/99;40907/98;25642/94;13229/03;55764/00;35489/97;27785/95;31195/96,001-86863,5;5-1-f;5-2;5-4;5-1;29;29-3;35;35-1;41,"<div class=""ExternalClassFB96AE1BE66C45859E693E189B014040"">Law 25/1969 on the status of foreigners, Law 29/1990 on administrative litigation</div>",5;5-2,6,HEJUD,4.7850375,1,0,0.0,0.0,0.0,0.0,0,0.0,0.0,0.0,0.0,0.0,0.0006739093782301564,0.01301236174529192,0.0,-1.387778780781446e-17,-1.387778780781446e-17,1.0,0.0,0.0,40.0,40.0,40.0,40.0
4,ECLI:CE:ECHR:2006:0214JUD002800903,28009/03,CZE,ENG,PAK V.,6;6-1,CASE OF HAVLICKOVA v. THE CZECH REPUBLIC,False,14/02/2006 00:00:00,"Frydlender v. France [GC], no. 30979/96, § 43, ECHR 2000-VII;Pafitis and others v. Greece, judgment of 26 February 1998, Reports of Judgments and Decisions 1998-I, p. 458, § 93;Werner v. Austria, judgment of 24 November 1997, Reports 1997-VII, p. 2514, § 72",,2,,Violation of Art. 6-1;Pecuniary damage - claim dismissed;Non-pecuniary damage - financial award,3,,,,28009/03;30979/96,001-72350,6;6-1;29;29-3;41,,,5,HEJUD,4.785272,0,0,0.0,0.0,0.0,0.0,0,0.0,0.0,0.0,0.0,0.0,0.0006739093782301564,0.01301236174529192,0.0,0.0,0.0,1.0,0.0,0.0,40.0,40.0,40.0,40.0
5,ECLI:CE:ECHR:2008:1106JUD005891100,58911/00,DEU,ENG,VON KATZLER R.,6;6-1,CASE OF LEELA FORDERKREIS E.V. AND OTHERS v. GERMANY,True,06/11/2008 00:00:00,"Buscarini and Others v. San Marino [GC], no. 24645/94, § 34, ECHR 1999-I;Calvelli and Ciglio v. Italy [GC], no. 32967/96, § 49, ECHR 2002-I;Campbell and Cosans v. the United Kingdom, judgment of 25 February 1982, Series A no. 48, p. 16, § 36;Casado Coca v. Spain, judgment of 24 February 1994, Series A no. 285-A, p. 18, § 43;Cha'are Shalom Ve Tsedek v. France [GC], no. 27417/95, § 72, ECHR 2000-VII;De Wilde, Ooms and Versyp v. Belgium, judgment of 18 June 1971, Series A no. 12, p. 45, § 93;Frydlender v. France [GC], no. 30979/96, § 43, ECHR 2000-VII;Goretzki v. Germany (dec.), no. 5244/99, 24 January 2002;Gorzelik and Others v. Poland [GC], no. 44158/98, § 64 and § 65, ECHR 2004-I;Helmers v. Sweden, judgment of 29 October 1991, Series A no. 212-A, p. 14, § 27;Hesse-Anger v. Germany, no. 45835/99, § 32, 6 February 2003;Jahn and Others v. Germany [GC], nos. 46720/99, 72203/01 and 72552/01, § 86, ECHR 2005;Kafkaris v. Cyprus [GC], no. 21906/04, § 141, ECHR 2008;Kalaç v. Turkey, judgment of 1 July 1997, Reports 1997-IV, p. 1209, § 27;Kirsten v. Germany, no. 19124/02, § 45 and § 47, 15 February 2007;Kokkinakis v. Greece, judgment of 25 May 1993, Series A no. 260-A, p. 17, § 31;König v. Germany, judgment of 28 June 1978, Series A no. 27, §§ 88-89;Leyla Sahin v. Turkey ([GC], no 44774/98), ECHR 2005, §§ 104-110;Maaouia v. France (dec.), no. 39652/98, ECHR 1999-II;Metropolitan Church of Bessarabia and Others v. Moldova, no. 45701/99, § 113, ECHR 2001-XII;Niederböster v. Germany, no. 39547/98, § 43, ECHR 2003-IV;Refah Partisi (the Welfare Party) and Others v. Turkey [GC], nos. 41340/98, 41342/98, 41343/98 and 41344/98, § 103, ECHR 2003-II;Salesi v. Italy, judgment of 26 February 1993, Series A no. 257-E, § 19;Schwengel v. Germany (dec.), no. 52442/99, 2 March 2000;Sürmeli v. Germany [GC], no. 75529/01, § 148, ECHR 2006;Süßmann v. Germany, judgment of 16 September 1996, Reports of Judgments and Decisions 1996-IV, p. 1174, §§ 55-57;The Sunday Times v. the United Kingdom (no. 1), judgment of 26 April 1979, Series A no. 30, p. 30, § 47;Tolstoy Miloslavsky v. the United Kingdom, judgment of 13 July 1995, Series A no. 316-B, § 58;Tserkva Sela Sosulivka v. Ukraine, no. 37878/02, § 42, 28 February 2008;Wimmer v. Germany, no. 60534/00, § 30, 24 February 2005;Wos v. Poland, no. 22860/02, §§ 76, 77, ECHR 2006",,2,,Violation of Art. 6-1;No violation of Art. 9;Non-pecuniary damage - claim dismissed,2,,,,58911/00;2/87;881/89;39652/98;22860/02;37878/02;30979/96;39547/98;60534/00;19124/02;45835/99;52442/99;5244/99;27417/95;24645/94;44158/98;21906/04;46720/99;72203/01;72552/01;45701/99;44774/98;32967/96;41340/98;41342/98;41343/98;41344/98;75529/01;38178/97,001-89420,6;6-1;9;9-1;9-2;29;29-3;41,"<div class=""ExternalClassC82794C209BF43608C2CB9CC7157CC23"">Art. 4-1 and 2 of the Basic Law</div>",9,23,HEJUD,4.7850375,1,0,0.0,0.0,0.0,0.0,0,0.0,0.0,0.0,0.0,0.0,0.0006739093782301564,0.01301236174529192,0.0,0.0,0.0,1.0,0.0,0.0,40.0,40.0,40.0,40.0
6,ECLI:CE:ECHR:2005:1213JUD001055803,10558/03,UKR,ENG,,6;6-1,CASE OF ANATSKIY v. UKRAINE,False,13/12/2005 00:00:00,"Romashov v. Ukraine, no. 67534/01, §§ 16-18, §§ 23-32, 27 July 2004;Trykhlib v. Ukraine, no. 58312/00, 20 September 2005, §§ 7-14, §§ 25-32, §§ 36-42, §§ 49-51",,2,,Violation of Art. 6-1;Violation of P1-1;Pecuniary damage - Government to pay outstanding judgment debt;Non-pecuniary damage - financial award,3,,,,10558/03;58312/00;67534/01,001-71590,6;6-1;29;29-3;41;P1-1;P1-1-1,,,5,HEJUD,4.785272,0,0,0.0,0.0,0.0,0.0,0,0.0,0.0,0.0,0.0,0.0,0.0006739093782301564,0.01301236174529192,0.0,0.0,0.0,1.0,0.0,0.0,40.0,40.0,40.0,40.0
7,ECLI:CE:ECHR:2004:1209JUD001287702,12877/02,HRV,ENG,MANOJLOVIC MOTUSIC M.,6;6-1,CASE OF ZOVANOVIC v. CROATIA,False,09/12/2004 00:00:00,"Crnojevic v. Croatia, (dec.), no. 71614/01, 29 April 2003;;Göçer v. the Netherlands, no. 51392/99, § 37, 3 October 2002;;Kutic v. Croatia (dec.), no. 48778/99, 4 October 2001;;Kutic v. Croatia, no. 48778/99, § 33, ECHR 2002-II;;Multiplex v. Croatia, no. 58112/00, § 55, 10 July 2003;;Osu v. Italy, no. 36534/97, § 43, 11 July 2002;;Stubbings and Others v. the United Kingdom, judgment of 22 October 1996, Reports of Judgments and Decisions 1996-IV, § 50",,2,,Violation of Art. 6-1;Not necessary to examine Art. 13;Pecuniary damage - claim dismissed;Non-pecuniary damage - financial award;Costs and expenses (domestic proceedings) - claim dismissed;Costs and expenses award - Convention proceedings,3,,,,12877/02;48778/99;71614/01;58112/00;36534/97;51392/99,001-67693,6;6-1;13;29;29-3;41,"<div class=""ExternalClassC22CA76AC53F46DB80EA76AE4A8357B4"">Civil Obligations (Amendments) Act 1996, sections 1 and 2</div>",,4,HEJUD,4.7850375,0,0,0.0,0.0,0.0,0.0,0,0.0,0.0,0.0,0.0,0.0,0.0006739093782301564,0.01301236174529192,0.0,-1.7347234759768075e-18,-1.7347234759768075e-18,1.0,0.0,0.0,40.0,40.0,40.0,40.0
8,ECLI:CE:ECHR:2006:0504JUD005791600,57916/00,TUR,ENG,KIRDOK M. A.,3,CASE OF SAYGILI v. TURKEY,False,04/05/2006 00:00:00,"Altay v. Turkey, no. 22279/93, § 50, 22 May 2001;Berktay v. Turkey, no. 22493/93, § 167, 1 March 2001;Cangöz v. Turkey, no. 28039/95, § 30, 4 October 2005;Ilhan v. Turkey [GC], no. 22277/93, § 61, ECHR 2000-VII;Salman v. Turkey [GC], no. 21986/93, § 100, ECHR 2000-VII;Selmouni v. France [GC], no. 25803/94, § 87, ECHR 1999-V;Yasa v. Turkey, judgment of 2 September 1998, Reports of Judgments and Decisions 1998-IV, § 74",,2,,Violation of Art. 3;No separate issue under Art. 13;Non-pecuniary damage - financial award;Costs and expenses partial award - Convention proceedings,3,,,,,001-75338,3;13;29;29-3;35;35-1;41,,,7,HEJUD,4.7850375,0,0,0.0,0.0,0.0,0.0,0,0.0,0.0,0.0,0.0,0.0,0.0006739093782301564,0.01301236174529192,0.0,0.0,0.0,1.0,0.0,0.0,40.0,40.0,40.0,40.0
9,ECLI:CE:ECHR:2005:0324JUD005552000,55520/00,RUS,ENG,,6;6-1,CASE OF BABURIN v. RUSSIA,False,24/03/2005 00:00:00,"Adelmanné Kertész v. Hungary, no. 27131/95, Commission decision of 2 July 1997;Frydlender v. France [GC], no. 30979/96, § 43, ECHR 2000-VII;Kormacheva v. Russia, no. 53084/99, §§ 58-64, 29 January 2004;Panchenko v. Russia (dec.), no. 45100/98, 16 March 2004;Plaksin v. Russia, no. 14949/02, §§ 34-36, §§ 49-50, 30 April 2004;Rokhlina v. Russia (dec.), no. 54071/00, 9 September 2004",,2,,Violation of Art. 6-1;Non-pecuniary damage - financial award;Costs and expenses partial award - domestic proceedings;Costs and expenses partial award - Convention proceedings,3,,,,55520/00;14949/02;45100/98;54071/00;27131/95;53084/99;30979/96,001-68608,6;6-1;29;29-3;41;35;35-1,,,4,HEJUD,4.785272,0,0,0.0,0.0,0.0,0.0,0,0.0,0.0,0.0,0.0,0.0,0.0006739093782301564,0.01301236174529192,0.0,0.0,0.0,1.0,0.0,0.0,40.0,40.0,40.0,40.0
10,ECLI:CE:ECHR:2005:1215JUD003503004,35030/04,HRV,ENG,GIEBENRATH R.,8,CASE OF KARADŽIĆ v. CROATIA,False,15/12/2005 00:00:00,"Akdivar and Others v. Turkey, judgment of 16 September 1996, Reports of Judgments and Decisions 1996-IV, p. 1211, § 68;Al-Adsani v. the United Kingdom [GC], no. 35763/97, § 55, ECHR 2001-XI;H.N. v. Poland, no. 77710/01, § 101, 13 September 2005;Hokkanen v. Finland, judgment of 23 September 1994, Series A no. 299, p. 22, § 58;Hornsby v. Greece, judgment of 19 March 1997, Reports of Judgments and Decisions 1997-II, p. 511, § 41;Iatridis v. Greece (just satisfaction) [GC], no. 31107/96, § 54, ECHR 2000-XI;Iglesias Gil and A.U.I. v. Spain, no. 56673/00, § 48, ECHR 2003-V;Ignaccolo-Zenide v. Romania, no. 31679/96, ECHR 2000-I, §§ 94, 95, 96, 102, 106 and 117;Mikulic v. Croatia, no. 53176/99, § 58, ECHR 2002-I;Nuutinen v. Finland, no. 32842/96, § 129, ECHR 2000-VIII;Selmouni v. France [GC], no. 25803/94, § 74, ECHR 1999-IV;Slavicek v. Croatia (dec.), no. 20862/02, ECHR 2002-VII;Streletz, Kessler and Krenz v. Germany [GC], nos. 34044/96, 35532/97 and 44801/98, § 90, ECHR 2001-II;Sylvester v. Austria, nos. 36812/97 and 40104/98, 24 April 2003, §§ 58 and 77",,2,,Violation of Art. 8;Not necessary to examine Art. 6-1;Non-pecuniary damage - financial award;Costs and expenses (domestic proceedings) - claim dismissed;Costs and expenses partial award - Convention proceedings,2,Hague Convention on the Civil Aspects of International Child Abduction,,,35030/04;7/91;25803/94;20862/02;36812/97;40104/98;31679/96;56673/00;53176/99;32842/96;34044/96;35532/97;44801/98;35763/97;77710/01;31107/96,001-71685,6;6-1;8;8-1;29;29-3;35;35-1;41,"<div class=""ExternalClassB3AA8E767D6C4101A25CE79708020C59"">Constitutional Act on Constitutional Court, section 63</div>",,4,HEJUD,4.785272,1,0,0.0,0.0,0.0,0.0,0,0.0,0.0,0.0,0.0,0.0,0.0006739093782301564,0.01301236174529192,0.0,-6.93889390390723e-18,-6.93889390390723e-18,1.0,0.0,0.0,40.0,40.0,40.0,40.0
11,ECLI:CE:ECHR:2003:0603JUD005798500,57985/00,SVK,ENG,,,CASE OF SLOVAK v. SLOVAKIA,False,03/06/2003 00:00:00,,,2,,Struck out of the list (friendly settlement),3,,,,57985/00,001-61115,6;6-1;29;29-3;37;37-1;39,,,7,HEJUD,4.7850375,0,0,0.0,0.0,0.0,0.0,0,0.0,0.0,0.0,0.0,0.0,0.0006739093782301564,0.01301236174529192,0.0,6.93889390390723e-18,6.93889390390723e-18,1.0,0.0,0.0,40.0,40.0,40.0,40.0
12,ECLI:CE:ECHR:2006:0117JUD002737003,27370/03;30049/04,UKR,ENG,,6;6-1,CASE OF GORDEYEVY AND GURBIK v. UKRAINE,False,17/01/2006 00:00:00,"Burdov v. Russia, no. 59498/00, § 35, ECHR 2002-III;Piven v. Ukraine (dec.), no. 56849/00, 22 October 2002;Romashov v. Ukraine, no. 67534/01, §§ 16-19, §§ 27 and 31, 27 July 2004;Toropov v. Ukraine, no. 19844/02, § 21, 4 October 2005",,2,,Violation of Art. 6-1;Non-pecuniary damage - financial award,3,,,,,001-72063,6;6-1;29;29-3;35;35-1;41,,,5,HEJUD,4.785272,0,0,0.0,0.0,0.0,0.0,0,0.0,0.0,0.0,0.0,0.0,0.0006739093782301564,0.01301236174529192,0.0,2.775557561562892e-17,2.775557561562892e-17,1.0,0.0,0.0,40.0,40.0,40.0,40.0
13,ECLI:CE:ECHR:2005:0210JUD003380802,33808/02,GRC,ENG,STEFANAKIS G.,6;6-1,CASE OF PAPAMICHAIL AND OTHERS v. GREECE,False,10/02/2005 00:00:00,"Brualla Gómez de la Torre, judgment of 19 December 1997, Reports of Judgments and Decisions 1997-VIII, p. 2956, §§ 35-39;Capuano v. Italy, judgment of 25 June 1987, Series A no. 119-A, p. 15, § 37;Frydlender v. France [GC], no. 30979/96, § 43, ECHR 2000-VII;Iatridis v. Greece (just satisfaction) [GC], no. 31107/96, § 54, ECHR 2000-XI",,2,,"Violation of Art. 6-1 with regard to the length of the proceedings;Inadmissible under Art. 6-1 as regard to the fairness of the proceedings, and under P1-1;Non-pecuniary damage - financial award;Costs and expenses (domestic proceedings) - claim dismissed;Costs and expenses (Convention proceedings) - claim dismissed",3,,,,,001-68244,6;6-1;29;29-3;41;P1-1;34,,,4,HEJUD,4.785272,0,0,0.0,0.0,0.0,0.0,0,0.0,0.0,0.0,0.0,0.0,0.0006739093782301564,0.01301236174529192,0.0,0.0,0.0,1.0,0.0,0.0,40.0,40.0,40.0,40.0
14,ECLI:CE:ECHR:2008:0626JUD001543503,15435/03,RUS,ENG,MANOV A.,6-1+6-3-c;6-1;6-3-c;6,CASE OF SHULEPOV v. RUSSIA,False,26/06/2008 00:00:00,"Berdzenishvili v. Russia (dec.), no. 31697/03, 29 January 2004;Golubev v. Russia (dec.), no. 26260/02, 9 November 2006;Granger v. the United Kingdom, judgment of 28 March 1990, Series A no. 174, p. 17, § 44;Marcello Viola v. Italy, no. 45106/04, § 75, ECHR 2006-... (extracts);Maxwell v. the United Kingdom, judgment of 28 October 1994, Series A no. 300-C, § 40;Sejdovic v. Italy [GC], no. 56581/00, § 86, ECHR 2006;Somogyi v. Italy, no. 67972/01, § 86, ECHR 2004-IV;Talat Tunç v. Turkey, no. 32432/96, § 59, 27 March 2007;Twalib v. Greece, judgment of 9 June 1998, Reports of Judgments and Decisions 1998-IV, § 46;Vacher v. France, judgment of 17 December 1996, Reports of Judgments and Decisions 1996-VI, p. 2147, § 22",,2,,Violation of Art. 6-1+6-3-c;Pecuniary damage - claim dismissed;Non-pecuniary damage - award,2,,,,15435/03;31697/03;32432/96;56581/00;45106/04;26260/02;67972/01,001-87229,6;6-1;6-3-c;29;29-3;41;6-1+6-3-c,"<div class=""ExternalClassB8EC29EC3C754008926E636E5C116E8E"">Articles 69, 105 and 158 of the Criminal Code ; Articles 51, 373 and 377 of the Code of Criminal Procedure</div>",,23,HEJUD,4.7850375,1,0,0.0,0.0,0.0,0.0,0,0.0,0.0,0.0,0.0,0.0,0.0006739093782301564,0.01301236174529192,0.0,0.0,0.0,1.0,0.0,0.0,40.0,40.0,40.0,40.0
15,ECLI:CE:ECHR:2005:1213JUD000462903,4629/03,UKR,ENG,,6;6-1,CASE OF GARKUSHA v. UKRAINE,False,13/12/2005 00:00:00,"Romashov v. Ukraine, no. 67534/01, §§ 30-33, § 37, 27 July 2004;Sokur v. Ukraine, no. 29439/02, §§ 18-22, §§ 30-37, 26 April 2005;Voytenko v. Ukraine, no. 18966/02, § 37, §§ 39-43 and 53-55, judgment of 29 June 2004",,2,,Violation of Art. 6-1;Violation of P1-1;Pecuniary damage - Government to pay outstanding debt;Non-pecuniary damage - financial award,3,,,,4629/03;29439/02;67534/01;18966/02,001-71599,6;6-1;29;29-3;41;P1-1;P1-1-1,,,5,HEJUD,4.785272,0,0,0.0,0.0,0.0,0.0,0,0.0,0.0,0.0,0.0,0.0,0.0006739093782301564,0.01301236174529192,0.0,-1.387778780781446e-17,-1.387778780781446e-17,1.0,0.0,0.0,40.0,40.0,40.0,40.0
16,ECLI:CE:ECHR:2005:0526JUD000244803,2448/03,HRV,ENG,,6;6-1;13,CASE OF DEBELIC v. CROATIA,False,26/05/2005 00:00:00,"Camasso v. Croatia, no. 15733/02, § 25, 13 January 2005;Chahal v. the United Kingdom, judgment of 15 November 1996, Reports 1996-V, pp. 1869-70, § 145;Cobianchi v. Italy (no. 1), no. 43434/98, §§ 8 and 11, 9 November 2000;Frydlender v. France [GC], no. 30979/96, § 43, ECHR 2000-VII;H.E. v. Austria, no. 33505/96, §§ 14 and 18, 11 July 2002;Jelavic-Mitrovic v. Croatia, no. 9591/02, § 28, 13 January 2005;Kudla v. Poland [GC], no. 30210/96, § 157, ECHR 2000 XI;Metropolitan Church of Bessarabia and Others v. Moldova, no. 45701/99, § 137, ECHR 2001 XII;San Leonard Band Club v. Malta, no. 77562/01, § 41, ECHR 2004 ...;Slavicek v. Croatia (dec.), no. 20862/02, ECHR 2002 VII;Soc v. Croatia, no. 47863/99, § 94, 9 May 2003;Styranowski v. Poland, judgment of 30 October 1998, Reports of Judgments and Decisions 1998 VIII, p. 3376, § 46",,2,,Violation of Art. 6-1;Violation of Art. 13;Pecuniary damage - claim dismissed;Non-pecuniary damage - financial award,2,,,,2448/03;53/91;91/92;58/93;112/99;88/01;77562/01;33505/96;43434/98;9591/02;15733/02;30979/96;20862/02;47863/99;45701/99;30210/96,001-69165,6;6-1;13;29;29-3;41;35;35-1;35-3,"<div class=""ExternalClass1EFB24EA46B7456A9898535966E021ED"">Article 29 of the Constitution ; Sections 62-63 of the Constitutional Act on the Constitutional Court ; Sections 382 and 395-396 of the Civil Procedure Act</div>",,4,HEJUD,4.785272,1,0,0.0,0.0,0.0,0.0,0,0.0,0.0,0.0,0.0,0.0,0.0006739093782301564,0.01301236174529192,0.0,-1.387778780781446e-17,-1.387778780781446e-17,1.0,0.0,0.0,40.0,40.0,40.0,40.0
17,ECLI:CE:ECHR:2008:1009JUD003641002,36410/02,RUS,ENG,CENTRE OF ASSISTANCE TO INTERNATIONAL PROTECTION,3,CASE OF OLEG NIKITIN v. RUSSIA,False,09/10/2008 00:00:00,"Akdivar and Others v. Turkey, judgment of 16 September 1996, Reports 1996-IV, p. 1210, §§ 65-67, and p. 1211, § 69;Aksoy v. Turkey, judgment of 18 December 1996, Reports of Judgments and Decisions 1996-VI, pp. 2275-2276, §§ 51-52 and 53-54;Assenov and Others v. Bulgaria, judgment of 28 October 1998, Reports 1998-VIII, p. 3288, § 102;Bati and Others v. Turkey, nos. 33097/96 and 57834/00, § 120, ECHR 2004-IV (extracts);Bekos and Koutropoulos v. Greece, no. 15250/02, § 57, ECHR 2005 (extracts);Ireland v. the United Kingdom, judgment of 18 January 1978, Series A no. 25, pp. 64-65, § 161;Isayeva and Others v. Russia, nos. 57947/00, 57948/00 and 57949/00, §§ 208-13, 24 February 2005;Jasar v. the former Yugoslav Republic of Macedonia, no. 69908/01, § 55 and § 62, 15 February 2007;Kazakova v. Bulgaria, no. 55061/00, § 70, 22 June 2006;Krastanov v. Bulgaria, no. 50222/99, § 59, 30 September 2004;Labita v. Italy [GC], no. 26772/95, § 131, ECHR 2000-IV;Matko v. Slovenia, no. 43393/98, § 84, 2 November 2006;Menesheva v. Russia, no. 59261/00, § 67, ECHR 2006;Ribitsch v. Austria, judgment of 4 December 1995, Series A no. 336, § 34 and §§ 38-40;Salman v. Turkey [GC], no. 21986/93, pp. 25-26, § 100, ECHR 2000-VII;Selmouni v. France [GC], no. 25803/94, § 87 and § 99, ECHR 1999-V;Tomasi v. France, judgment of 27 August 1992, Series A no. 241-A, pp. 40-41, §§ 108-111 and 115",,2,,"Preliminary objections joined to merits and dismissed (non-exhaustion of domestic remedies, six month period);Remainder inadmissible;Violation of Art. 3 (procedural aspect);Violation of Art. 3 (substantive aspect);Non-pecuniary damage - award",2,,,,36410/02;69908/01;43393/98;26772/95;57947/00;57948/00;57949/00;59261/00;50222/99;55061/00;15250/02;25803/94;21986/93;33097/96;57834/00,001-88792,3;29;29-3;35;35-1;41,,,4,HEJUD,4.7850375,1,0,0.0,0.0,0.0,0.0,0,0.0,0.0,0.0,0.0,0.0,0.0006739093782301564,0.01301236174529192,0.0,0.0,0.0,1.0,0.0,0.0,40.0,40.0,40.0,40.0
18,ECLI:CE:ECHR:2006:0214JUD002137702,21377/02,CZE,ENG,PEJCHAL A.,6;6-1,"CASE OF SKOMA, SPOL. S R. O. v. THE CZECH REPUBLIC",False,14/02/2006 00:00:00,"Clinique Mozart Sarl v. France, no. 46098/99, 8 June 2004;Comingersoll v. Portugal [GC], no. 35382/97, § 35, ECHR 2000-IV;Frydlender v. France [GC], no. 30979/96, § 43, ECHR 2000-VII;Maisons traditionnelles v. France, no. 68397/01, 4 October 2005",,2,,Violation of Art. 6-1;Non-pecuniary damage - financial award;Costs and expenses partial award - domestic proceedings;Costs and expenses partial award - Convention proceedings,3,,,,,001-72401,6;6-1;29;29-3;41,,,5,HEJUD,4.785272,0,0,0.0,0.0,0.0,0.0,0,0.0,0.0,0.0,0.0,0.0,0.0006739093782301564,0.01301236174529192,0.0,0.0,0.0,1.0,0.0,0.0,40.0,40.0,40.0,40.0
19,ECLI:CE:ECHR:2003:0429JUD006581101,65811/01,FRA,ENG,,,CASE OF LEMOINE v. FRANCE,False,29/04/2003 00:00:00,"Duclos v. France, judgment of 17 December 1996, Reports of Judgments and Decisions 1996-VI, § 55;Erkner and Hofauer, judgment of 23 April 1987, Series A no 117, § 68;Frydlender v. France [GC], no 30979/96, § 43 and § 45, ECHR 2000-VII;Katte Klitsche de la Grange v. Italy, judgment of 27 October 1994, Series A no 293-B;Wiesinger v. Austria, judgment of 30 October 1991, Series A no 213, § 57",,2,,No violation of Art. 6-1;Inadmissible under Art. 6-1 as regards the length or the third set of proceedings,3,,,,,001-61072,6;6-1;29;29-3,,6;6-1,5,HEJUD,4.7850375,0,0,0.0,0.0,0.0,0.0,0,0.0,0.0,0.0,0.0,0.0,0.0006739093782301564,0.01301236174529192,0.0,0.0,0.0,1.0,0.0,0.0,40.0,40.0,40.0,40.0
20,ECLI:CE:ECHR:2006:1221JUD003654502,36545/02,UKR,ENG,TKACHENKO N.,,CASE OF MOROZ AND OTHERS v. UKRAINE,False,21/12/2006 00:00:00,"Efimenko v. Ukraine, no. 55870/00, §  51, 18 July 2006;Frydlender v. France [GC], no. 30979/96, § 43, ECHR 2000-VII;Krasuski v. Poland, no. 61444/00, § 66, ECHR 2005;Piryanik v. Ukraine, no. 75788/01, § 20, 19 April 2005;Scordino v. Italy (no. 1) [GC], no. 36813/97, § 183, ECHR 2006;Wierciszewska v. Poland, no. 41431/98, § 46, 25 November 2003;Yemanakova v. Russia, no. 60408/00, § 41, 23 September 2004",,2,,Preliminary objection dismissed (exhaustion);Violation of Art 6-1;Not necessary to examine Art 13;Pecuniary damage - claim dismissed;Non-pecuniary damage - award;Costs and expenses award - Convention proceedings;Costs and expenses (domestic proceedings) - claim dismissed,3,,,,36545/02;75788/01;61444/00;60408/00;55870/00;30979/96;41431/98;36813/97,001-78817,6;6-1;13;29;29-3;35;35-1;35-3;41;P1-1,,,23,HEJUD,4.785272,0,0,0.0,0.0,0.0,0.0,0,0.0,0.0,0.0,0.0,0.0,0.0006739093782301564,0.01301236174529192,0.0,2.775557561562892e-17,2.775557561562892e-17,1.0,0.0,0.0,40.0,40.0,40.0,40.0
21,ECLI:CE:ECHR:2004:0429JUD004899099,48990/99,TUR,ENG,,,CASE OF DONMEZ v. TURKEY,False,29/04/2004 00:00:00,"Aka v. Turkey judgment of 23 September 1998, Reports of Judgments and Decisions 1998-VI, pp. 2674-76, §§ 17-25, pp. 2678-79, §§ 34-37, et p. 2682, §§ 50-51;Akkus v. Turkey, judgment of 9 July 1997, Reports 1997-IV, p. 1317, § 31;Motière v. France, no. 39615/98, § 26, 5 December 2000",,2,,Violation of P1-1;Pecuniary damage - financial award;Non-pecuniary damage - finding of violation sufficient,3,,,,48990/99;39615/98,001-61752,29;29-3;35;35-1;41;P1-1;P1-1-1,,,6,HEJUD,4.785272,0,0,0.0,0.0,0.0,0.0,0,0.0,0.0,0.0,0.0,0.0,0.0006739093782301564,0.01301236174529192,0.0,2.775557561562892e-17,2.775557561562892e-17,1.0,0.0,0.0,40.0,40.0,40.0,40.0
22,ECLI:CE:ECHR:2006:0328JUD006428301,64283/01,POL,ENG,,8,CASE OF TOMCZYK PROKOPYSZYN v. POLAND,False,28/03/2006 00:00:00,"Campbell v. the United Kingdom, judgment of 25 March 1992, Series A no. 233, p. 16, § 34;García Ruiz v. Spain [GC], no 30544/96, ECHR 1999-I, § 28;Niedbala v. Poland, no. 27915/95, § 78, 4 July 2000",,2,,Violation of Art. 8;Remainder inadmissible;Non-pecuniary damage - financial award,3,,,,64283/01;27915/95;30544/96,001-72896,8;8-1;8-2;29;29-3;41,"<div class=""ExternalClassF0E479093AD447C495DFCA1C60C2E486"">1998 Rules on Detention on Remand, paragraph 37 (4)</div>",,7,HEJUD,4.785272,0,0,0.0,0.0,0.0,0.0,0,0.0,0.0,0.0,0.0,0.0,0.0006739093782301564,0.01301236174529192,0.0,0.0,0.0,1.0,0.0,0.0,40.0,40.0,40.0,40.0
23,ECLI:CE:ECHR:2005:0317JUD003333902,33339/02,GRC,ENG,STEFANAKIS G.,6;6-1,CASE OF GIKA AND OTHERS v. GREECE,False,17/03/2005 00:00:00,"Brualla Gómez de la Torre, judgment of 19 December 1997, Reports of Judgments and Decisions 1997-VIII, p. 2956, §§ 35-39 . Capuano v. Italy, judgment of 25 June 1987, Series A no. 119-A, p. 15, § 37;Devlin v. the United Kingdom, no. 29545/95, § 26, 30 October 2001;Frydlender v. France [GC], no. 30979/96, § 43, ECHR 2000-VII;Iatridis v. Greece (just satisfaction) [GC], no. 31107/96, § 54, ECHR 2000-XI;Manios v. Greece, no. 70626/01, 11 March 2004;Pellegrin v. France [GC], no. 28541/95, § 66, ECHR 1999-VIII",,2,36,Preliminary objection rejected (applicability);Violation of Art. 6-1 as regards the length of the proceedings;Inadmissible under Art 6-1 as concern the fairness of the proceedings;Inadmissible under P1-1;Non-pecuniary damage - financial award;Costs and expenses (domestic proceedings) - claim dismissed;Costs and expenses (Convention proceedings) - claim dismissed,3,,,,,001-68557,6;6-1;29;29-3;41;P1-1,,,4,HEJUD,4.785272,0,0,0.0,0.0,0.0,0.0,0,0.0,0.0,0.0,0.0,0.0,0.0006739093782301564,0.01301236174529192,0.0,-1.387778780781446e-17,-1.387778780781446e-17,1.0,0.0,0.0,40.0,40.0,40.0,40.0
24,ECLI:CE:ECHR:2006:0921JUD001482802,14828/02,ITA,ENG,CONTE E.,,CASE OF CROCI AND OTHERS v. ITALY,False,21/09/2006 00:00:00,"Acciardi and Campagna v. Italy, no. 41040/98, 19 May 2005;Belvedere Alberghiera S.r.l. v. Italy, no. 31524/96, ECHR 2000-VI;Beyeler v. Italy [GC], no. 33202/96, § 107, ECHR 2000-I;Brum?rescu v. Romania [GC], no. 8342/95, § 77, ECHR 1999-VII;Carbonara and Ventura v. Italy, no. 24638/94, §§ 61 and 62, ECHR 2000-VI;Chirò v. Italy (no 4), no. 67196/01, 11 October 2005;Iatridis v. Greece [GC], no. 31107/96, § 58, ECHR 1999-II;La Rosa and Alba v. Italy (no 1), no. 58119/00, 11 October 2005;Pasculli v. Italy, no. 36818/97, 17 May 2005;Scordino v. Italy (no 3), no. 43662/98, 17 May 2005;Serrao v. Italy, no. 67198/01, 13 October 2005;Sporrong and Lönnroth v. Sweden, judgment of 23 September 1982, Series A no. 52, pp. 24-25, § 63, and p. 26, § 69",,2,,Violation of P1-1;Just satisfaction reserved,3,,,,,001-76961,29;29-3;41;P1-1;P1-1-1,,,6,HEJUD,4.785272,0,0,0.0,0.0,0.0,0.0,0,0.0,0.0,0.0,0.0,0.0,0.0006739093782301564,0.01301236174529192,0.0,3.469446951953615e-18,3.469446951953615e-18,1.0,0.0,0.0,40.0,40.0,40.0,40.0
25,ECLI:CE:ECHR:2005:0906JUD007397001,73970/01,ROU,ENG,,6;6-1,CASE OF SĂCĂLEANU v. ROMANIA,False,06/09/2005 00:00:00,"Burdov v. Russia, no. 59498/00, §§ 35-38, ECHR 2002-III;Cvijetic v. Croatia, 26 February 2004, § 63;Dubenko v. Ukraine, no. 74221/01, § 36, 11 January 2005;Hornsby v. Grece, judgment of 19 March 1997, Reports 1997-II, pp. 510-511, § 41;Immobiliare Saffi v. Italy [GC], no. 22774/93, § 63, ECHR 1999 V;Jasiuniene v. Lithuania, judgment of 6 March 2003, § 55;Luntre and Others c Moldavie, no. 2916/02, §§ 40-41, 15 June 2004;Mataxas v. Greece, nº 8415/02, §§ 19, 26, 27 May 2004;Prodan v. Moldavie, no. 49806/99, §§ 54-55, 18 May 2004;Romashov v. Ukraine, no. 67534/01, § 27, 27 July 2004;Ruianu v. Romania, no. 34647/97, § 66, 17 June 2003;Sanglier v. France, no. 50342/99, § 39, 27 May 2003;Scollo v. Italy, judgment of 28 September 1995, Series A no. 315-C, p. 55, § 44;Timofeyev v. Russia, no. 58263/00, §§ 41-42, 23 October 2003;Voytenko v. Ukraine, no. 18966/02, § 35, 29 June 2004",,2,,Preliminary objection (non-exhaustion of domestic remedies) - partly rejected;Violation of Art. 6-1;Pecuniary damage - claim dismissed;Non-pecuniary damage - financial award;Costs and expenses partial award - Convention proceedings,3,,,,,001-70103,6;6-1;29;29-3;35;35-1;41,,,5,HEJUD,4.7850375,0,0,0.0,0.0,0.0,0.0,0,0.0,0.0,0.0,0.0,0.0,0.0006739093782301564,0.01301236174529192,0.0,0.0,0.0,1.0,0.0,0.0,40.0,40.0,40.0,40.0
26,ECLI:CE:ECHR:2004:0928JUD000753002,7530/02,POL,ENG,,6;6-1,CASE OF IŻYKOWSKA v. POLAND,False,28/09/2004 00:00:00,"Frydlender v. France [GC], no. 30979/96, § 43, ECHR 2000-VII",,2,,Violation of Art. 6-1;Pecuniary damage - claim dismissed;Non-pecuniary damage - financial award;Costs and expenses partial award - Convention proceedings,3,,,,7530/02;30979/96,001-66745,6;6-1;29;29-3;41,,,7,HEJUD,4.785272,0,0,0.0,0.0,0.0,0.0,0,0.0,0.0,0.0,0.0,0.0,0.0006739093782301564,0.01301236174529192,0.0,3.469446951953615e-18,3.469446951953615e-18,1.0,0.0,0.0,40.0,40.0,40.0,40.0
27,ECLI:CE:ECHR:2006:0810JUD006711201,67112/01,TUR,ENG,"TETIK, Ahmet Elvan",,CASE OF ACUN AND YUMAK  v. TURKEY,False,10/08/2006 00:00:00,"Aka v. Turkey judgment of 23 September 1998, Reports of Judgments and Decisions 1998-VI, pp. 2674-76, §§ 17-25, pp. 2678-79, §§ 34-37, and p. 2682, §§ 50-51",,2,,Violation of P1-1;Pecuniary damage - financial award;Non-pecuniary damage - finding of violation sufficient;Costs and expenses partial award - Convention proceedings,3,,,,67112/01,001-76701,29;29-3;41;P1-1;P1-1-1,,,23,HEJUD,4.785272,0,0,0.0,0.0,0.0,0.0,0,0.0,0.0,0.0,0.0,0.0,0.0006739093782301564,0.01301236174529192,0.0,0.0,0.0,1.0,0.0,0.0,40.0,40.0,40.0,40.0
28,ECLI:CE:ECHR:2005:1108JUD004476398,44763/98,TUR,ENG,CINAR SEDAT,,CASE OF ŞEYHMUS YAŞAR AND OTHERS v. TURKEY,False,08/11/2005 00:00:00,"Aka v. Turkey, judgment of 23 September 1998, Reports 1998-VI, pp. 2674-2676, §§ 17-25, p. 2682, §§ 50-51;Akkus v. Turkey, judgment of 9 July 1997, Reports of Judgments and Decisions 1997-IV, pp. 1305-1306, §§ 13-16, p. 1310, §§ 30-31",,2,,Violation of P1-1;Non-pecuniary damage - finding of violation sufficient;Pecuniary damage - financial award;Costs and expenses partial award - domestic proceedings;Costs and expenses partial award - Convention proceedings,3,,,,,001-70936,29;29-3;29-1;41;P1-1;P1-1-1,,,5,HEJUD,4.7850375,0,0,0.0,0.0,0.0,0.0,0,0.0,0.0,0.0,0.0,0.0,0.0006739093782301564,0.01301236174529192,0.0,0.0,0.0,1.0,0.0,0.0,40.0,40.0,40.0,40.0
29,ECLI:CE:ECHR:2008:1007JUD000552905,5529/05,HUN,ENG,BARBALICS I.,11,CASE OF PATYI AND OTHERS v. HUNGARY,False,07/10/2008 00:00:00,"Azinas v. Cyprus [GC], no. 56679/00, § 32, ECHR 2004-III;Baczkowski and Others v. Poland, no. 1543/06, ECHR 2007-...;Blecic v. Croatia [GC], no. 59532/00, § 67, ECHR 2006-...;Ezelin v. France, judgment of 26 April 1991, Series A no. 202, § 35;Freedom and Democracy Party (ÖZDEP) v. Turkey [GC], no. 23885/94, § 37, ECHR 1999-VIII;Nurettin Aldemir and Others v. Turkey, nos. 32124/02, 32126/02, 32129/02, 32132/02, 32133/02, 32137/02 and 32138/02, § 43, 18 December 2007;Odièvre v. France [GC], no. 42326/98, § 22, ECHR 2003-III;Oya Ataman v. Turkey, no. 74552/01, 5 December 2006, §§ 41-42;Stankov and the United Macedonian Organisation Ilinden v. Bulgaria, nos. 29221/95 and 29225/95, § 87, ECHR 2001-IX;United Communist Party of Turkey and Others v. Turkey, judgment of 30 January 1998, Reports 1998-I, p. 22, § 47",,2,,Violation of Art. 11;Remainder inadmissible;Non-pecuniary damage - finding of violation sufficient,2,,,,5529/05;56679/00;42326/98;59532/00;1543/06;23885/94;29221/95;29225/95;32124/02;32126/02;32129/02;32132/02;32133/02;32137/02;32138/02;74552/01,001-88748,11;11-1;11-2;29;29-3;35;35-3;41,"<div class=""ExternalClass2911073B468E4BC28BA576AB7FA87F62"">Article 62 of the Constitution; sections 2, 6, 8, 9 and 14 of the Act no. 3 of 1989 on Freedom of Assembly</div>",,5,HEJUD,4.7850375,1,0,0.0,0.0,0.0,0.0,0,0.0,0.0,0.0,0.0,0.0,0.0006739093782301564,0.01301236174529192,0.0,0.0,0.0,1.0,0.0,0.0,40.0,40.0,40.0,40.0
30,ECLI:CE:ECHR:2005:1115JUD004996199,49961/99,POL,ENG,JANAS JULIUSZ,6;6-1,CASE OF BOGUCKI v. POLAND,False,15/11/2005 00:00:00,"Ilhan v. Turkey [GC], § 97, ECHR 2000-VII;Frydlender v. France [GC], no. 30979/96, § 43, ECHR 2000-VII;Kudla v. Poland [GC], § 157, ECHR 2000-XI;Zanghì v. Italy, judgment of 19 February 1991, Series A no. 194-C, p. 47, § 23;Versini v. France, judgment of 10 July 2001, § 35",,2,,Violation of Art. 6-1;Non-pecuniary damage - financial award;Costs and expenses partial award - Convention proceedings,3,,,,,001-71065,6;6-1;13;29;29-3;41;P1-1;P1-1-1,,,7,HEJUD,4.7850375,0,0,0.0,0.0,0.0,0.0,0,0.0,0.0,0.0,0.0,0.0,0.0006739093782301564,0.01301236174529192,0.0,-2.775557561562892e-17,-2.775557561562892e-17,1.0,0.0,0.0,40.0,40.0,40.0,40.0
31,ECLI:CE:ECHR:2006:0808JUD007106801,71068/01,POL,ENG,,6;6-1,CASE OF SITARSKI v. POLAND,False,08/08/2006 00:00:00,"Barszcz v. Poland, no. 71152/01, 30 May 2006;Frydlender v. France [GC], no. 30979/96, § 43, ECHR 2000-VII;Krasuski v. Poland, no. 61444/00, § 72, 14 June 2005;Malasiewicz v. Poland, no. 22072/02, judgment of 14 Octobre 2003;Ratajczyk v. Poland, no. 11215/02, (dec.), 31 May 2005;Skawinska v. Poland, no. 42096/98, (dec.), 4 March 2004",,2,,Violation of Art. 6-1;Pecuniary damage - claim dismissed;Non-pecuniary damage - financial award;Costs and expenses - claim dismissed,3,,,,,001-76656,6;6-1;29;29-3;35;35-1;41,,,7,HEJUD,4.7850375,0,0,0.0,0.0,0.0,0.0,0,0.0,0.0,0.0,0.0,0.0,0.0006739093782301564,0.01301236174529192,0.0,-6.93889390390723e-18,-6.93889390390723e-18,1.0,0.0,0.0,40.0,40.0,40.0,40.0
32,ECLI:CE:ECHR:2003:1014JUD007783101,77831/01,POL,ENG,,6;6-1,CASE OF I.P. v. POLAND,False,14/10/2003 00:00:00,"Frydlender v. France [GC], no. 30979/96, § 43, ECHR 2000-VII;Humen v. Poland [GC], no. 26614/95, § 60, 15 October 1999",,2,,Violation of Art. 6-1;Non-pecuniary damage - financial award;Costs and expenses (domestic proceedings) - claim dismissed;Costs and expenses award - Convention proceedings,3,,,,77831/01;30979/96;26614/95,001-61364,6;6-1;29;29-3;41,,,7,HEJUD,4.7850375,0,0,0.0,0.0,0.0,0.0,0,0.0,0.0,0.0,0.0,0.0,0.0006739093782301564,0.01301236174529192,0.0,0.0,0.0,1.0,0.0,0.0,40.0,40.0,40.0,40.0
33,ECLI:CE:ECHR:2008:0424JUD001574103,15741/03,ROU,ENG,DRAGHICI M.L.,6;6-1,CASE OF VISAN v. ROMANIA,False,24/04/2008 00:00:00,"Brualla Gómez de la Torre v. Spain, judgment of 19 December 1997, Reports 1997-VIII, p. 2955, § 31-33;Caloglu v. Turquie, no. 55812/00, § 30, 29 July 2004;Edificaciones March Gallego S.A. v. Spain, judgment of 19 February 1998, Reports 1998-I, p. 290, § 33-34;Gençel v. Turkey, no. 53431/99, § 27, 23 October 2003;Ilascu and Others v. Moldova and Russia [GC], no. 48787/99, § 487, ECHR 2004-VII;Lungoci v. Romania, no. 62710/00, §§ 34-36 and 55-56, 26 January 2006;Metaxas v. Greece, no. 8415/02, § 35, 27 May 2004;Pérez de Rada Cavanilles v. Spain, judgment of 28 October 1998, Reports of Judgments and Decisions 1998-VIII, p. 3255, §§ 43-45;Piersack v. Belgium (Article 50), judgment of 26 October 1984, Series A no. 85, p. 16, § 12;Prince Hans-Adam II of Liechtenstein v. Germany [GC], no. 42527/98, §§ 43-50, ECHR 2001-VIII;Somogy v. Italy, no. 67972/01, § 86, 18 May 2004;Tahir Duran v. Turkey, no. 40997/98, § 23, 29 January 2004;Yagtzilar and Others v. Greece, no. 41727/98, §§ 22, 26 and 27, ECHR 2001-XII",,2,,Partly inadmissible;Violation of Art. 6-1;Non-pecuniary damage - award,2,,,,15741/03;41727/98;42527/98;62710/00;53431/99;40997/98;67972/01;8415/02;55812/00;48787/99,001-86038,6;6-1;29;29-3;41;46;46-2,"<div class=""ExternalClassE5B0037F0AE94F9EB96C5453110360C1"">Article 504 of the Code of Criminal Proceedings</div>",,6,HEJUD,4.785272,1,0,0.0,0.0,0.0,0.0,0,0.0,0.0,0.0,0.0,0.0,0.0006739093782301564,0.01301236174529192,0.0,8.673617379884037e-19,8.673617379884037e-19,1.0,0.0,0.0,40.0,40.0,40.0,40.0
34,ECLI:CE:ECHR:2005:0721JUD002818802,28188/02,TUR,ENG,KARATAS Y.,,CASE OF MEHMET YIGIT v. TURKEY (No. 5),False,21/07/2005 00:00:00,"Aka v. Turkey, 23 September 1998, Reports 1998-VI, pp. 2674-2676, §§ 17-25, and p. 2682, §§ 50-51;Akkus v. Turkey, 9 July 1997, Reports of Judgments and Decisions 1997-IV, pp. 1305-1306, §§ 13-16, and p. 1317, § 31;Andrea Corsi v. Italy, no. 42210/98, 4 July 2002;Andrea Corsi v. Italy (revision), no. 42210/98, 2 October 2003;Karahalios v. Greece, no. 62503/00, § 23, 11 December 2003;Mancini v. Italy, no. 44955/98, ECHR 2001-IX;Metaxas v. Greece, no. 8415/02, § 19, 27 May 2004;Willekens v. Belgium, no. 50859/99, 24 April 2003",,2,,Violation of P1-1;Not necessary to examine Art. 6-1,3,,,,,001-69815,6;6-1;29;29-3;P1-1;P1-1-1,,,6,HEJUD,4.7850375,0,0,0.0,0.0,0.0,0.0,0,0.0,0.0,0.0,0.0,0.0,0.0006739093782301564,0.01301236174529192,0.0,1.387778780781446e-17,1.387778780781446e-17,1.0,0.0,0.0,40.0,40.0,40.0,40.0
35,ECLI:CE:ECHR:2005:0517JUD006599801,65998/01,SVK,ENG,KLEPAC V.,6;6-1,CASE OF MAZGUTOVA v. SLOVAKIA,False,17/05/2005 00:00:00,"Frydlender v. France [GC], no. 30979/96, § 43, ECHR 2000-VII",,2,,Violation of Art. 6-1;Non-pecuniary damage - financial award,3,,,,65998/01;30979/96,001-69037,6;6-1;29;29-3;41,,,7,HEJUD,4.785272,0,0,0.0,0.0,0.0,0.0,0,0.0,0.0,0.0,0.0,0.0,0.0006739093782301564,0.01301236174529192,0.0,1.387778780781446e-17,1.387778780781446e-17,1.0,0.0,0.0,40.0,40.0,40.0,40.0
36,ECLI:CE:ECHR:2005:0201JUD004227098,42270/98,FRA,ENG,,6;6-1,CASE OF FRANGY v. FRANCE,False,01/02/2005 00:00:00,"Civet v. France [GC], no. 29340/95, ECHR 1999-VI, § 41;Dalia v. France, judgment of 19 February 1998, Reports 1998 I, § 38;Foucher v. France, judgment of 18 March 1997, Reports of Judgments and Decisions 1997-II p. 452, § 35;Frydlender v. France [GC], no. 30979/96, ECHR 2000-VII, § 43;Kamasinski v. Austria, judgment of 19 December 1989, Série A n°168, § 88;Mifsud v. France [GC], no. 57220/00, ECHR 2002-VIII;Perez v. France [GC], no. 47287/99, ECHR 2004-I, § 70;Susini v. France, no. 43716/98, 8 October 2002;Vernillo v. France, judgment of 20 February 1991, Series A no. 198, § 27;Vidal v. Belgium, judgment of 22 April 1992, Series A no. 235-B, § 33",,2,36,No violation of Art. 6-1 concerning access to investigation files;Violation of Art. 6-1 concerning length of proceedings;Non-pecuniary damage - financial award;Costs and expenses (domestic proceedings) - claim dismissed;Costs and expenses partial award - Convention proceedings,2,,,,,001-68122,6;6-1;29;29-3;35;35-1;41,,6;6-1,5,HEJUD,4.785272,1,0,0.0,0.0,0.0,0.0,0,0.0,0.0,0.0,0.0,0.0,0.0006739093782301564,0.01301236174529192,0.0,0.0,0.0,1.0,0.0,0.0,40.0,40.0,40.0,40.0
37,ECLI:CE:ECHR:2006:0727JUD007369501,73695/01,FRA,ENG,QUIMBERT M.,,CASE OF NEDZELA v. FRANCE,True,27/07/2006 00:00:00,"Albina v. Romania, no. 57808/00, §§ 30 and 32, 28 April 2005;Artico v. Italy, judgment of 13 May 1980, Series A no. 37, p. 16, § 33;Coëme and Others v. Belgium, nos 32492/96, 32547/96, 32548/96, 33209/96 and 33210/96, § 115, ECHR 2000-VII;Delcourt v. Belgium, judgment of 17 January 1970, Series A no. 11, pp. 13-14, § 25;Dulaurans v. France du 21 March 2000, no. 34553/97, § 33;Edificaciones March Gallego S.A. v. Spain, judgment of 19 February 1998, Reports 1998-I, p. 290, § 33;Garc?a Ruiz v. Spain [GC], no. 30544/96, § 28, ECHR 1999-I;Helle v. Finland, judgment of 19 December 1997, Reports 1997-VIII, § 60;Kaufmann v. Italy, no. 14021/02, § 31 and § 33, 19 May 2005;Kingsley v. the United Kingdom, no. 35605/97, § 58, 7 November 2000;National & Provincial Building Society, Leeds Permanent Building Society and Yorkshire Building Society v. the United Kingdom, judgment of 23 October 1997, Reports of Judgments and Decisions 1997-VII, § 105;Perez v. France [GC], no. 47287/99, § 80, ECHR 2004-I;Pérez de Rada Cavanilles v. Spain, judgment of 28 October 1998, Reports 1998-VIII, p. 3255, § 43 and § 82;Sommerfeld v. Germany, no. 31871/96, § 64, 11 October 2001;Van de Hurk v. the Netherlands, judgment of 19 April 1994, Series A no. 288, p. 19, § 59;Virgil Ionescu v. Romania, no. 53037/99, § 44, 28 June 2005",,2,,No violation of Art. 6-1;Not necessary to examine P7-2;Remainder inadmissible,3,,,,,001-76522,6;6-1;29;29-3;P7-2,,6;6-1,5,HEJUD,4.7850375,0,0,0.0,0.0,0.0,0.0,0,0.0,0.0,0.0,0.0,0.0,0.0006739093782301564,0.01301236174529192,0.0,0.0,0.0,1.0,0.0,0.0,40.0,40.0,40.0,40.0
38,ECLI:CE:ECHR:2007:0927JUD000630105,6301/05,SWE,ENG,THORNHAMMAR J.,6;6-1,CASE OF THE ESTATE OF NITSCHKE v. SWEDEN,False,27/09/2007 00:00:00,"A.P., M.P. and T.P. v. Switzerland, judgment of 29 August 1997, Reports of Judgments and Decisions 1997-V, §§ 46 and 48;Akman v. Turkey (striking out), no. 37453/97, §§ 23-24, ECHR 2001-VI;E.L., R.L. and J.O.-L. v. Switzerland, judgment of 29 August 1997, Reports of Judgments and Decisions 1997-V, §§ 51 and 53;Frydlender v. France [GC], no. 30979/96, § 43, ECHR 2000-VII;García Ruiz v. Spain judgment of 21 January 1999, Reports of Judgments and Decisions 1999-I, § 26;Helle v. Finland, judgment of 19 December 1997, Reports 1997-VIII, §§ 59-60;Janosevic v. Sweden, no. 34619/97, §§ 64-71, ECHR 2002-VII;Suominen v. Finland, no. 37801/97, § 37, 1 July 2003;Tahsin Acar v. Turkey [GC], no. 26307/95, § 74 and 76-77, ECHR 2003;Van Houten v. the Netherlands (striking out), no. 25149/03, §§ 34-37, ECHR 2005-IX;Västberga Taxi Aktiebolag and Vulic v. Sweden, no. 36985/97, §§ 75-82, 23 July 2002;Venera-Nord-Vest Borta A.G. v. Moldova, no. 31535/03, § 28 and § 29, 13 February 2007",,2,41;47,Violation of Art. 6-1 (length);Remainder inadmissible;Non-pecuniary damage - financial award;Pecuniary damage - claim dismissed;Costs and expenses partial award - Convention proceedings;Costs and expenses (domestic proceedings) - claim dismissed,2,,,,6301/05;26307/95;31535/03;37453/97;25149/03;37801/97;34619/97;36985/97;30979/96,001-82425,6;6-1;6-2;29;29-3;37;37-1-c;41,"<div class=""ExternalClass46DF3E78EB3441EF97BE1915FEFE7BA0"">1971 Administrative Court Procedure Act ; 1953 Tax Collection Act ; Tort Liability Act, Chapter 3, section 2 ; 1990 Taxation Act, Chapter 5, section 12 ; Tax Payment Act ; Inheritance Code</div>",,6,HEJUD,4.785272,1,0,0.0,0.0,0.0,0.0,0,0.0,0.0,0.0,0.0,0.0,0.0006739093782301564,0.01301236174529192,0.0,-6.93889390390723e-18,-6.93889390390723e-18,1.0,0.0,0.0,40.0,40.0,40.0,40.0
39,ECLI:CE:ECHR:2006:0803JUD006858501,68585/01,ITA,ENG,JANES CARRATU A.,,CASE OF JANES CARRATU v. ITALY,False,03/08/2006 00:00:00,"Acciardi and Campagna v. Italy, no. 41040/98, 19 May 2005;Belvedere Alberghiera S.r.l. v. Italy, no. 31524/96, ECHR 2000-VI;Beyeler v. Italy [GC], no. 33202/96, § 107, ECHR 2000-I;Binotti v. Italy (no 2), no. 71603/01, 13 October 2005;Brumarescu v. Romania [GC], no. 28342/95, § 77, ECHR 1999-VII;Carbonara and Ventura v. Italy, no. 24638/94, §§ 61, 62 and 69, ECHR 2000-VI;Chirò v. Italy (no 4), no. 67196/01, 11 October 2005;Donati v. Italy, no.  63242/00, decision of 13 May 2004;Iatridis v. Greece [GC], no. 31107/96, § 58, ECHR 1999-II;La Rosa and Alba v. Italy (no 1), no. 58119/00, 11 October 2005;Miconi v. Italy (dec.), no. 66432/01, 6 May 2004;Pasculli v. Italy, no. 36818/97, 17 May 2005;Scordino v. Italy (no 1) [GC], no. 36813/97, §§ 103-104 and §§ 132-133, ECHR 2006;Scordino v. Italy (no 3), no. 43662/98, 17 May 2005;Serrao v. Italy, no. 67198/01, 13 October 2005;Sporrong and Lönnroth v. Sweden, judgment of 23 September 1982, Series A no. 52, pp. 24-25, § 63, and p. 26, § 69",,2,,Violation of P1-1;Not necessary to examine Art. 6-1;Just satisfaction reserved,3,,,,,001-76542,6;6-1;29;29-3;35;35-1;41;P1-1;P1-1-1,,,6,HEJUD,4.7850375,0,0,0.0,0.0,0.0,0.0,0,0.0,0.0,0.0,0.0,0.0,0.0006739093782301564,0.01301236174529192,0.0,0.0,0.0,1.0,0.0,0.0,40.0,40.0,40.0,40.0
40,ECLI:CE:ECHR:2006:0713JUD001005503,10055/03,ROU,ENG,SULIACOV A.,,CASE OF SC MAGNA HOLDING SRL v. ROMANIA,False,13/07/2006 00:00:00,"Brualla Gómez de la Torre v. Spain, judgment of 19 December 1997, Reports 1997 VIII, p. 2955, § 31;Ciprova v. the Czech Republic (dec.), no. 33273/03, 22 March 2005;García Ruiz v. Spain [GC], no. 30544/96, § 28, ECHR 1999 I;Hornsby v. Greece, judgment of 19 March 1997, Reports 1997-II, pp. 510-511, § 40;Immobiliare Saffi v. Italy [GC], no. 22774/93, § 63, ECHR 1999-V;Jasiuniene v. Lithuania, no. 41510/98, § 44, 6 March 2003;Kopecky v. Slovakia [GC], no. 44912/98, § 35, 28 September 2004;Roman and Hogea v. Romania (dec.), no. 62959/00, 31 August 2004;Ruianu v. Romania, no. 34647/97, § 66, 17 June 2003;Sabin Popescu v. Romania, no. 48102/99, § 72, 2 March 2004;Sanglier v. France, no. 50342/99, § 39, 27 May 2003;Scollo v. Italy, judgment of 28 September 1995, Series A no. 315-C, p. 55, § 44",,2,,No violation of Art. 6-1;No violation of P1-1,3,,,,,001-76357,6;6-1;29;29-3;P1-1;P1-1-1,,6;6-1,6,HEJUD,4.7850375,0,0,0.0,0.0,0.0,0.0,0,0.0,0.0,0.0,0.0,0.0,0.0006739093782301564,0.01301236174529192,0.0,1.387778780781446e-17,1.387778780781446e-17,1.0,0.0,0.0,40.0,40.0,40.0,40.0
41,ECLI:CE:ECHR:2008:0710JUD000909006,9090/06,FRA,ENG,,6;6-1,CASE OF BLANDEAU v. FRANCE,False,10/07/2008 00:00:00,"Del Sol v. France, no. 46800/99, § 20, ECHR 2002-II;Delcourt v. Belgium, judgment of 17 January 1970, Series A no. 11, pp. 13 à 15, § 25;Essaadi v. France no. 49384/99, § 30, 26 February 2002;Gutfreund v. France, no. 45681/99, § 44, ECHR 2003-VII;Platakou v. Greece (no. 38460/97, § 39, ECHR 2001-I);Vilho Eskelinen and Others v. Finland, no. 63235/00, § 62, ECHR 2007",,2,36,Violation of Art. 6-1;Pecuniary damage - claim dismissed;Non-pecuniary damage - finding of violation sufficient,2,,,,,001-87455,6;6-1;29;29-3;41,,,23,HEJUD,4.7850375,1,0,0.0,0.0,0.0,0.0,0,0.0,0.0,0.0,0.0,0.0,0.0006739093782301564,0.01301236174529192,0.0,-1.387778780781446e-17,-1.387778780781446e-17,1.0,0.0,0.0,40.0,40.0,40.0,40.0
42,ECLI:CE:ECHR:2006:1214JUD000117904,1179/04,UKR,ENG,,6;6-1,CASE OF YEREMENKO v. UKRAINE,False,14/12/2006 00:00:00,"Romashov v. Ukraine, no. 67534/01, §§ 16-18, 42-46, 27 July 2004;Shmalko v. Ukraine, no. 60750/00, §§ 55-57, 20 July 2004",,2,,Violation of Art. 6-1;Violation of P1-1;Pecuniary damage - financial award;Non-pecuniary damage - financial award,3,,,,1179/04;67534/01;60750/00,001-78528,6;6-1;29;29-3;35;35-3;41;P1-1;P1-1-1,,,23,HEJUD,4.7850375,0,0,0.0,0.0,0.0,0.0,0,0.0,0.0,0.0,0.0,0.0,0.0006739093782301564,0.01301236174529192,0.0,2.775557561562892e-17,2.775557561562892e-17,1.0,0.0,0.0,40.0,40.0,40.0,40.0
43,ECLI:CE:ECHR:2005:0715JUD000675903,6759/03,TUR,ENG,"Mr TURKMEN M., lawyer, Gaziantep",,CASE OF CAFER KAPLAN v. TURKEY,False,15/07/2005 00:00:00,"Aka v. Turkey, 23 September 1998, Reports 1998 VI, pp. 2674 2676, §§ 17-25, and p. 2682, §§ 50-51;Akkus v. Turkey, 9 July 1997, Reports of Judgments and Decisions 1997-IV, pp. 1305-1306, §§ 13-16, p. 1311, §§ 35-36 and 39, and opinion of the Commission p. 1317, § 31;Karahalios v. Greece, no. 62503/00, § 23, 11 December 2003;Metaxas v. Greece, no. 8415/02, § 19, 27 May 2004

",,2,,Preliminary objection rejected (non-exhaustion of domestic remedies);Violation of P1-1;Not necessary to examine Art. 6-1;Pecuniary damage - financial award;Non-pecuniary damage - finding of violation sufficient;Costs and expenses partial award - Convention proceedings,3,,,,,001-69742,6;6-1;29;29-3;35;35-1;41;P1-1;P1-1-1,,,6,HEJUD,4.7850375,0,0,0.0,0.0,0.0,0.0,0,0.0,0.0,0.0,0.0,0.0,0.0006739093782301564,0.01301236174529192,0.0,6.93889390390723e-18,6.93889390390723e-18,1.0,0.0,0.0,40.0,40.0,40.0,40.0
44,ECLI:CE:ECHR:2005:1222JUD006474101,64741/01,TUR,ENG,"BESTAS,  Mesut, and BESTAS, Meral",5;5-3,CASE OF BULDUS v. TURKEY,False,22/12/2005 00:00:00,"Aksoy v. Turkey, judgment of 18 December 1996, Reports 1996-VI, p. 2282, § 78;Demir and Others v. Turkey, judgment of 23 September 1998, Reports 1998-VI, p. 2653, § 41;Öcalan v. Turkey [GC], No 46221/99, CEDH 2005, §§ 55, 68-69;Sakik and others v. Turkey, judgment of 26 November 1997, Reports 1997-VII, pp. 2623-2624, § 44",,2,,Violation of Art. 5-3;Pecuniary damage - claim dismissed;Non-pecuniary damage - financial award;Costs and expenses partial award - domestic and Convention proceedings,3,,,,64741/01;46221/99,001-71805,5;5-3;29;29-3;35;35-1;41,"<div class=""ExternalClass03B4E2D9FDC34808A34D9762C7A7B18B"">Code of Criminal Procedure, Article 128</div>",,6,HEJUD,4.785272,0,0,0.0,0.0,0.0,0.0,0,0.0,0.0,0.0,0.0,0.0,0.0006739093782301564,0.01301236174529192,0.0,0.0,0.0,1.0,0.0,0.0,40.0,40.0,40.0,40.0
45,ECLI:CE:ECHR:2005:0419JUD007268601,72686/01,UKR,ENG,,6;6-1,CASE OF SHARKO v. UKRAINE,False,19/04/2005 00:00:00,"Dubenko v. Ukraine, no. 74221/01, §§ 21-23, 11 January 2005;Gayduk and Others v. Ukraine (dec.), no. 45526/99, 2 July 2002;Immobiliare Saffi v. Italy [GC], no. 22774/93, § 74, ECHR 1999-V;Romashov v. Ukraine, no. 67534/01, §§ 16-18, 27 July 2004;Shmalko v. Ukraine, no. 60750/00, judgment of 20 July 2004, § 34;Voytenko v. Ukraine, no. 18966/02, judgment of 29 June 2004, § 35;Wasilewski v. Poland, no. 32734/96, 20 April 1999",,2,,"Violation of Art. 6-1;Partly inadmissible;Damage, costs and expenses - global award",3,,,,72686/01;67534/01;74221/01;32734/96;45526/99;18966/02;60750/00;22774/93,001-68844,2;2-1;6;6-1;29;29-3;34;35;35-1;35-3;41;P1-1;P1-1-1,,,5,HEJUD,4.785272,0,0,0.0,0.0,0.0,0.0,0,0.0,0.0,0.0,0.0,0.0,0.0006739093782301564,0.01301236174529192,0.0,0.0,0.0,1.0,0.0,0.0,40.0,40.0,40.0,40.0
46,ECLI:CE:ECHR:2005:1117JUD002465103,24651/03,RUS,ENG,,6;6-1,CASE OF TOLOKONNIKOVA v. RUSSIA,False,17/11/2005 00:00:00,"Akman v. Turkey (striking out), no. 37453/97, §§ 23-24, ECHR 2001-VI;Burdov v. Russia, no. 59498/00, ECHR 2002-III;Petrushko v. Russia, no. 36494/02, § 16, 24 February 2005;Poznakhirina v. Russia, no. 25964/02, § 35, 24 February 2005;Tahsin Acar v. Turkey [GC], no. 26307/95, § 76, ECHR 2003-VI",,2,,Violation of Art. 6-1;Violation of P1-1;Not necessary to examine Art. 13;Pecuniary damage - financial award;Non-pecuniary damage - finding of violation sufficient;Costs and expenses partial award - domestic and convention proceedings,3,,,,24651/03;26307/95;37453/97;36494/02;59498/00;25964/02,001-71117,6;6-1;13;29;29-3;37;37-1-c;P1-1;P1-1-1;41,"<div class=""ExternalClassCE4A3ACCD6914F849438EFE8586507F9"">Federal Law on Enforcement Proceedings 1997, sections 9 and 13</div>",,4,HEJUD,4.7850375,0,0,0.0,0.0,0.0,0.0,0,0.0,0.0,0.0,0.0,0.0,0.0006739093782301564,0.01301236174529192,0.0,6.93889390390723e-18,6.93889390390723e-18,1.0,0.0,0.0,40.0,40.0,40.0,40.0
47,ECLI:CE:ECHR:2008:0522JUD003397706,33977/06,GRC,ENG,ALEXOPOULOU M. ; KTISTAKIS I.,,CASE OF MEIDANIS v. GREECE,False,22/05/2008 00:00:00,"Aktas and Others v. Turkey, no. 19264/92, §§ 32-34, 30 January 2001;Beer and Regan v. Germany [CG], no. 28934/95, §§ 53 and 57, 18 February 1999;Hirschhorn v. Romania, no. 29294/02, §§ 92-100, 26 July 2007;Iatridis v. Greece (just satisfaction) [GC], no. 31107/96, § 32, ECHR 2000-XI;Kopecky v. Slovakia [GC], no. 44912/98, § 35, ECHR 2004-IX;Kyriakakou and Kyriakakos v. Greece (dec.), no. 21813/02, 19 May 2005;Larkos v. Cyprus, no. 29515/95, § 31, ECHR 1999-I;Malhous v. the Czech Republic (dec.) [GC], no. 33071/96, ECHR 2000-XII;Platakou v. Greece, no. 38460/97, § 47, ECHR 2001-I;Stran Greek Refineries and Stratis Andreadis v. Greece, judgment of 9 December 1994, Series A no. 301-B, p. 84, § 59;Van der Mussele v. Belgium, judgment of 23 November 1983, Series A no. 70, p. 23, § 48",,2,,Remainder inadmissible;Violation of P1-1;Pecuniary damage - award;Non-pecuniary damage - finding of violation sufficient,2,,,,,001-86468,29;29-3;41;P1-1;P1-1-1,,,4,HEJUD,4.7850375,1,0,0.0,0.0,0.0,0.0,0,0.0,0.0,0.0,0.0,0.0,0.0006739093782301564,0.01301236174529192,0.0,-8.673617379884037e-19,-8.673617379884037e-19,1.0,0.0,0.0,40.0,40.0,40.0,40.0
48,ECLI:CE:ECHR:2006:1010JUD001386102,13861/02,POL,ENG,,6;6-1,CASE OF KUZNIAK v. POLAND,False,10/10/2006 00:00:00,"Barszcz v. Poland, no. 71152/01, § 45, 30 May 2006;Charzynski v. Poland (dec.), no. 15212/03, §§ 12-23, ECHR 2005-...;Frydlender v. France [GC], no. 30979/96, § 43, ECHR 2000-VII;García Ruiz v. Spain [GC], no. 30544/96, § 28, ECHR 1999-I;Krasuski v. Poland, no. 61444/00, §§ 34-46, ECHR 2005–... (extracts);Ratajczyk v. Poland;(dec.), no. 11215/02, 31 May 2005",,2,,Violation of Art. 6-1;Remainder inadmissible;Pecuniary damage - claim dismissed;Non-pecuniary damage - financial award,3,,,,13861/02;61444/00;15212/03;11215/02;71152/01;30979/96;30544/96,001-77319,6;6-1;29;29-3;35;35-1;41,"<div class=""ExternalClassB99E50F4C3424BE0871858735C9F4F18"">Articles 417 et seq. of the Civil Code ; Law of 17 June 2004 on complaints about a breach of the right to a trial within a reasonable time</div>",,7,HEJUD,4.785272,0,0,0.0,0.0,0.0,0.0,0,0.0,0.0,0.0,0.0,0.0,0.0006739093782301564,0.01301236174529192,0.0,0.0,0.0,1.0,0.0,0.0,40.0,40.0,40.0,40.0
49,ECLI:CE:ECHR:2006:0110JUD002690703,26907/03,UKR,ENG,,6;6-1,CASE OF PATRINO v. UKRAINE,False,10/01/2006 00:00:00,"Burdov v. Russia, no. 59498/00, § 35, ECHR 2002-III;Romashov v. Ukraine, no. 67534/01, §§ 16-19, § 31, § 37, 27 July 2004",,2,,Violation of Art. 6-1;Non-pecuniary damage - financial award,3,,,,,001-72001,6;6-1;29;29-3;41,,,5,HEJUD,4.785272,0,0,0.0,0.0,0.0,0.0,0,0.0,0.0,0.0,0.0,0.0,0.0006739093782301564,0.01301236174529192,0.0,0.0,0.0,1.0,0.0,0.0,40.0,40.0,40.0,40.0
50,ECLI:CE:ECHR:2006:0504JUD004753399,47533/99,TUR,ENG,SUREK K. T.,10;6;6-1,CASE OF ERGIN v. TURKEY (No. 6),True,04/05/2006 00:00:00,"Aksoy (Eroglu) v. Turkey (dec.), no. 59741/00, 3 November 2005;Arrowsmith v. the United Kingdom, no. 7050/75, report of the Commission du 12 October 1978, Decisions and Reports (DR) 19, p. 5;Bulut v. Austria du 22 February 1996, Reports 1996-II, p. 356, § 31;Canevi and Others v. Turkey, no. 40395/98, § 33, 10 November 2004;Ceylan v. Turkey [GC], no. 23556/94, § 38, ECHR 1999-IV;Çiraklar v. Turkey, judgment of 28 October 1998, Reports 1998-VII, p. 3074, §§ 44-45;Cooper v. the United Kingdom [GC], no. 48843/99, § 106, ECHR 2003-XII;Gerger v. Turkey [GC], no. 24919/94, § 50, 8 July 1999;Ibrahim Aksoy v. Turkey, nos 28635/95, 30171/96 and 34535/97, § 60 and § 80, 10 October 2000;Incal v. Turkey, judgment of 9 June 1998, Reports of Judgments and Decisions 1998-IV, p. 1568, § 58, and p. 1573, § 72 in fine;Karkin v. Turkey, no. 43928/98, § 39, 23 September 2003;Kizilyaprak v. Turkey, no. 27528/95, § 43, 2 October 2003;Morris v. the United Kingdom, no. 38784/97, § 59, ECHR 2002-I;Öcalan v. Turkey [GC], no. 46221/99, § 116, ECHR 2005-…;Önen v. Turkey, (dec.), no. 32860/96, 10 February 2004;Öztürk v. Turkey [GC], no. 22479/93, § 74, ECHR 1999-VI;Sadak and Others v. Turkey, nos 29900/96, 29901/96, 29902/96 and 29903/96, § 38, ECHR 2001-VIII;Sahiner v. Turkey, no. 29279/95, § 37 and § 45, ECHR 2001-IX;Sürek v. Turkey (no 1) [GC], no. 26682/95, § 62, ECHR 1999-IV;Sürek v. Turkey (no 4) [GC], no. 24762/94, § 58, 8 July 1999;Thomann v. Switzerland du 10 June 1996, Reports 1996-III, p. 815, § 30;Yagmurdereli v. Turkey, no. 29590/96, § 40, 4 June 2002;Zolotas v. Greece, no. 38240/02, § 24, 2 June 2005",Reports of Judgments and Decisions 2006-VI (extracts),2,,Violation of Art. 10;Violation of Art. 6-1 (independence and impartiality of the General Staff Court);Not necessary to examine Art. 6 (another complaint);Non-pecuniary damage - financial award;Costs and expenses partial award - Convention and domestic proceedings,1,General comment of the United Naitons' Human Rights Committee;Case-law of the Inter-American Court of Human Rights,,,47533/99;29590/96;23556/94;22479/93;28635/95;30171/96;34535/97;43928/98;27528/95;24762/94;26682/95;24919/94;7050/75;38240/02;59741/00;38784/97;48843/99;32860/96;46221/99;29279/95;40395/98;29900/96;29901/96;29902/96;29903/96;29870/96,001-75327,6;6-1;6-3-b;10;10-1;10-2;29;29-3;41,"<div class=""ExternalClass202C2FABEB7A4B34884DF9460C238E12"">Article 145 of the Constitution ; Article 11 of the Constitution of Military Courts Act ; Article 155 of the Criminal Code ; Article 58 of the Military Penal Code</div>",,7,HEJUD,4.7850375,2,0,0.0136986301369863,0.0,0.0136986301369863,0.0,1,0.0,0.0,0.0,0.0,0.0,0.0006739093782301564,0.01301236174529192,0.5,0.0,0.5,1.0,0.0,0.0,3.4949999999999997,3.0,3.005,3.5
51,ECLI:CE:ECHR:2006:1214JUD004247604,42476/04,UKR,ENG,BYCHKOVSKIY V.,6;6-1,CASE OF TSARUK v. UKRAINE,False,14/12/2006 00:00:00,"Romashov v. Ukraine, no. 67534/01, §§ 16-18, 28-32, 42-46, 27 July 2004;Shmalko v. Ukraine, no. 60750/00, §§ 55-57, 20 July 2004",,2,,Preliminary objection dismissed (non-exhaustion of domestic remedies);Violation of Art. 6-1;Violation of P1-1;Pecuniary damage - financial award;Non-pecuniary damage - financial award;Costs and expenses - claim dismissed,3,,,,42476/04;67534/01;60750/00,001-78555,6;6-1;29;29-3;41;P1-1;P1-1-1;35;35-1,,,23,HEJUD,4.7850375,0,0,0.0,0.0,0.0,0.0,0,0.0,0.0,0.0,0.0,0.0,0.0006739093782301564,0.01301236174529192,0.0,0.0,0.0,1.0,0.0,0.0,40.0,40.0,40.0,40.0
52,ECLI:CE:ECHR:2006:0627JUD007556901,75569/01,TUR,ENG,TERECE A.,11,CASE OF ÇETİNKAYA v. TURKEY,False,27/06/2006 00:00:00,"Çetin and Others v. Turkey, nos. 40153/98 and 40160/98, § 44, ECHR 2003-III (extracts);Cisse v. France, no. 51346/99, ECHR 2002-III (extracts);Ezelin v. France, judgment of 26 April 1991, Series A no. 202, § 37, § 53;Izmir Savas Karsitlari Dernegi and Others v. Turkey, no. 46257/99, § 35, § 36, 2 March 2006;Öztürk v. Turkey [GC], no. 22479/93, § 73, ECHR 1999-VI;Schenk v. Switzerland, judgment of 12 July 1988, Series A no. 140, p. 29, §§ 46 et seq.;Stankov and the United Macedonian Organisation Ilinden v. Bulgaria, nos. 29221/95 and 29225/95, § 97, ECHR 2001-IX",,2,,Violation of Art. 11;Not necessary to examine Art. 10;No violation of Art. 6-1;Pecuniary damage - claim dismissed;Non-pecuniary damage - financial award;Costs and expenses partial award - Convention proceedings,3,,,,,001-76045,10;10-1;11;11-1;11-2;6;6-1;29;29-3;41,,6;6-1,7,HEJUD,4.7850375,0,0,0.0,0.0,0.0,0.0,0,0.0,0.0,0.0,0.0,0.0,0.0006739093782301564,0.01301236174529192,0.0,-3.469446951953615e-18,-3.469446951953615e-18,1.0,0.0,0.0,40.0,40.0,40.0,40.0
53,ECLI:CE:ECHR:2006:0117JUD002566402,25664/02,UKR,ENG,,6;6-1;13,CASE OF RATNIKOV v. UKRAINE,False,17/01/2006 00:00:00,"Chernobryvko v. Ukraine, no. 11324/02, §§ 23 and 24, 13 September 2005;Chizhov v. Ukraine, no. 6962/02, § 41, 17 May 2005;Dubenko v. Ukraine, 74221/01 §§ 22-29;Mykhaylenky and Others v. Ukraine, nos. 35091/02, 35196/02, 35201/02, 35204/02, 35945/02, 35949/02, 35953/02, 36800/02, 38296/02 and 42814/02, §§ 38-39, ECHR 2004-…;Romashov v. Ukraine, no. 67534/01, §§ 16-19, 30 November 2004;Sokur v. Ukraine, no. 29439/02, §§ 18 and 22, § 27;Teteriny v. Russia, no. 11931/03, §§ 43 and 51, 30 June 2005",,2,,Violation of Art. 6-1;Violation of Art. 13;Pecuniary and non-pecuniary damage - financial award,3,,,,25664/02;67534/01;74221/01;29439/02;11931/03;6962/02;11324/02;35091/02;35196/02;35201/02;35204/02;35945/02;35949/02;35953/02;36800/02;38296/02;42814/02,001-72043,6;6-1;13;29;29-3;34;35;35-1;41,,,5,HEJUD,4.785272,0,0,0.0,0.0,0.0,0.0,0,0.0,0.0,0.0,0.0,0.0,0.0006739093782301564,0.01301236174529192,0.0,-1.387778780781446e-17,-1.387778780781446e-17,1.0,0.0,0.0,40.0,40.0,40.0,40.0
54,ECLI:CE:ECHR:2005:0519JUD002613695,26136/95,TUR,ENG,,6;6-1,CASE OF M.Ö. v. TURKEY,False,19/05/2005 00:00:00,"Aldo Tripodi v. Italy, no. 45078/98, 12 October 2000;Antonio Ruocco v. Italy, no. 34881/97, decision of the Commission of 27 October 1998;Frydlender v. France [GC], no. 30979/96, § 43, ECHR 2000-VII;Pandolfelli and Palumbo v. Italy, judgment of 27 February 1992, Series A no. 231-B, p. 16, § 2;X v. France, judgment of 31 March 1992, Series A no. 234-C, p. 89, § 26",,2,,Violation of Art. 6-1;Pecuniary damage - claim dismissed;Non-pecuniary damage - financial award,3,,,,,001-69094,6;6-1;29;29-3;41,,,6,HEJUD,4.785272,0,0,0.0,0.0,0.0,0.0,0,0.0,0.0,0.0,0.0,0.0,0.0006739093782301564,0.01301236174529192,0.0,-2.775557561562892e-17,-2.775557561562892e-17,1.0,0.0,0.0,40.0,40.0,40.0,40.0
55,ECLI:CE:ECHR:2006:0214JUD003027603,30276/03,CZE,ENG,PETERKOVA H.,6;6-1,CASE OF DUŠEK v. THE CZECH REPUBLIC,False,14/02/2006 00:00:00,"Frydlender v. France [GC], no. 30979/96, § 43, ECHR 2000-VII",,2,,Violation of Art. 6-1;Pecuniary damage - claim dismissed;Non-pecuniary damage - financial award;Costs and expenses partial award - domestic proceedings;Costs and expenses partial award - Convention proceedings,3,,,,30276/03;30979/96,001-72348,6;6-1;29;29-3;41,,,5,HEJUD,4.785272,0,0,0.0,0.0,0.0,0.0,0,0.0,0.0,0.0,0.0,0.0,0.0006739093782301564,0.01301236174529192,0.0,0.0,0.0,1.0,0.0,0.0,40.0,40.0,40.0,40.0
56,ECLI:CE:ECHR:2006:1026JUD001226305,12263/05,ITA,ENG,BALDASSINI R. ; FORTE B.,,CASE OF IPPOLITI v. ITALY,False,26/10/2006 00:00:00,"Acciardi and Campagna v. Italy, no. 41040/98, 19 May 2005;Belvedere Alberghiera S.r.l. v. Italy, no. 31524/96, ECHR 2000-VI;Beyeler v. Italy [GC], no. 33202/96, § 107, ECHR 2000-I;Brumarescu v. Romania [GC], no. 28342/95, § 77, ECHR 1999-VII . Carbonara and Ventura v. Italy, no. 24638/94, §§ 61 and 62, ECHR 2000-VI;Chiro v. Italy (no 4), no. 67196/01, 11 October 2005;Iatridis v. Greece [GC], no. 31107/96, § 58, ECHR 1999-II;La Rosa and Alba v. Italy (no 1), no. 58119/00, 11 October 2005;Pasculli v. Italy, no. 36818/97, 17 May 2005;Scordino v. Italy (no 1) [GC], no. 36813/97, §§ 103-104 and §§ 132 -33, ECHR 2006;Scordino v. Italy (no 3), no. 43662/98, 17 May 2005;Serrao v. Italy, no. 67198/01, 13 October 2005;Sporrong and Lönnroth v. Sweden, judgment of 23 September 1982, Series A no. 52, pp. 24-25, § 63, and p. 26, § 69",,2,,Violation of P1-1;Not necessary to examine Art. 6-1,3,,,,,001-77718,6;6-1;29;29-3;P1-1;P1-1-1,,,6,HEJUD,4.785272,0,0,0.0,0.0,0.0,0.0,0,0.0,0.0,0.0,0.0,0.0,0.0006739093782301564,0.01301236174529192,0.0,4.336808689942019e-19,4.336808689942019e-19,1.0,0.0,0.0,40.0,40.0,40.0,40.0
57,ECLI:CE:ECHR:2005:1025JUD006283800,62838/00,TUR,ENG,KORKMAZ A.,6;6-1,CASE OF YİĞİT v. TURKEY,False,25/10/2005 00:00:00,"Frydlender v. France [GC], no. 30979/96, § 43, ECHR 2000-VII",,2,,Violation of Art. 6-1;Non-pecuniary damage - financial award;Costs and expenses partial award - Convention proceedings,3,,,,,001-70811,6;6-1;29;29-3;41;P1-1,,,7,HEJUD,4.7850375,0,0,0.0,0.0,0.0,0.0,0,0.0,0.0,0.0,0.0,0.0,0.0006739093782301564,0.01301236174529192,0.0,0.0,0.0,1.0,0.0,0.0,40.0,40.0,40.0,40.0
58,ECLI:CE:ECHR:2007:0628JUD003654903,36549/03,ARM,ENG,ALUMYAN H.,6;6-1,CASE OF HARUTYUNYAN v. ARMENIA,False,28/06/2007 00:00:00,"Jalloh v. Germany [GC], no. 54810/00, §§ 99 and 105, ECHR 2006;Jovanovi? v. Croatia (dec.), no. 59109/00, ECHR 2002-III;Khan v. the United Kingdom, no. 35394/97, §§ 25-28 and 34, ECHR 2000-V;P.G. and J.H. v. the United Kingdom, no. 44787/98, §§ 37-38 and § 76, ECHR 2001-IX;Schenk v. Switzerland, judgment of 12 July 1988, Series A no. 140, §§ 45-46;The Sunday Times v. the United Kingdom (no. 1) (Article 50), judgment of 6 November 1980, Series A no. 38, p. 13, § 23",Reports of Judgments and Decisions 2007-III,2,,Violation of Art. 6-1;Not necessary to examine Art. 6-1 (other complaint);Non-pecuniary damage - financial award;Pecuniary damage - claim dismissed;Costs and expenses - claim dismissed,1,"Article 15 of the UN Convention against Torture and Other Cruel, Inhuman or Degrading Treatment or Punishment of 1984",,,36549/03;39/46;59109/00;35394/97;44787/98;54810/00,001-81352,6;6-1;29;29-3;35;35-3;41,"<div class=""ExternalClassBFEFCBBD89D34E66BD638151B3E70135"">Articles 11, 20, 105-106, 126, 369 and 371 of the Code of Criminal Procedure</div>",,6,HEJUD,4.7850375,2,0,0.0,0.0,0.0,0.0,0,0.0,0.0,0.0,0.0,0.0,0.0006739093782301564,0.01301236174529192,0.0,0.0,0.0,1.0,0.0,0.0,40.0,40.0,40.0,40.0
59,ECLI:CE:ECHR:2006:1114JUD003124602,31246/02,POL,ENG,,5;5-3,CASE OF OSUCH v. POLAND,False,14/11/2006 00:00:00,"Celejewski v. Poland, no. 17584/04, §§ 37-38, 4 May 2006;Jablonski v. Poland, no. 33492/96, § 80, 21 December 2000;Jaworski v. Poland, no. 25715/02, §§ 20-27, 28 March 2006;Kudla v. Poland [GC], no. 30210/96, §§ 110-111, ECHR 2000-X;Nikolova v. Bulgaria [GC], no. 31195/96, § 79, ECHR 1999-II",,2,,Violation of Art. 5-3;Pecuniary damage - claim dismissed;Non-pecuniary damage - financial award;Costs and expenses (domestic proceedings) - claim dismissed,3,,,,31246/02;25715/02;30210/96;33492/96;17584/04;31195/96,001-77991,5;5-3;29;29-3;41,,,7,HEJUD,4.785272,0,0,0.0,0.0,0.0,0.0,0,0.0,0.0,0.0,0.0,0.0,0.0006739093782301564,0.01301236174529192,0.0,-1.387778780781446e-17,-1.387778780781446e-17,1.0,0.0,0.0,40.0,40.0,40.0,40.0
60,ECLI:CE:ECHR:2005:0526JUD000526303,5263/03,AUT,ENG,GRAUPNER H.,14+8;14;8,CASE OF WOLFMEYER v. AUSTRIA,False,26/05/2005 00:00:00,"Dalban v. Romania [GC], no. 28114/95, § 43 and § 44, ECHR 1999-VI;L. and V. v. Austria, nos. 39392/98 and 39829/98, §§ 53, 55, 60, 64 and 65, ECHR 2003-I;Ladner v. Austria, no. 18297/03, § 34, 3 February 2005;S.L. v. Austria, no. 45330/99, §§ 35, 45, 47 and 52, ECHR 2003-I (extracts);Woditschka and Wilfling v. Austria, nos. 69756/01 and 6306/02, § 35 and § 40, 21 October 2004",,2,,Violation of Art. 14+8;Not necessary to examine Art. 8;Non-pecuniary damage - financial award;Costs and expenses partial award - domestic proceedings;Costs and expenses partial award - Convention proceedings,2,,,,5263/03;28114/95;45330/99;39392/98;39829/98;69756/01;6306/02;18297/03,001-69167,8;8-1;14+8;14;29;29-3;41,"<div class=""ExternalClass41F40C33130A40BEA0F14A4D46F73115"">Article 209 of the Criminal Code </div>",,4,HEJUD,4.785272,1,0,0.0,0.0,0.0,0.0,0,0.0,0.0,0.0,0.0,0.0,0.0006739093782301564,0.01301236174529192,0.0,2.775557561562892e-17,2.775557561562892e-17,1.0,0.0,0.0,40.0,40.0,40.0,40.0
61,ECLI:CE:ECHR:2006:0207JUD007594601,75946/01,TUR,ENG,BILMEZ I.,6;6-1,CASE OF HALIS DOGAN v. TURKEY,False,07/02/2006 00:00:00,"Abdullah Aydin v. Turkey (no. 2), no. 63739/00, § 30, 10 November 2005;Baran v. Turkey, no. 48988/99, § 26, 10 November 2004;Betty Purcell and Others v. Ireland, no. 15404/89, decision of the Commission of 16 April 1991;Ecer and Zeyrek v. Turkey, nos. 29295/95 and 29363/95, §§ 34-35, ECHR 2001-II;Fabre v. France, no. 69225/01, § 21, 2 November 2004;Fressoz and Roire v. France [GC], no. 29183/95, § 45, ECHR 1999-I;Göç v. Turkey [GC], no. 36590/97, § 34, § 55, ECHR 2002-V;Ibrahim Aksoy v. Turkey, nos. 28635/95, 30171/96 and 34535/97, §§ 41-42, § 60, 10 October 2000;Incal v. Turkey, judgment of 9 June 1998, Reports 1998-IV, p. 1568, § 58;Lingens v. Austria, judgment of 8 July 1986, Series A no. 103, p. 26, § 41, p. 46, §§ 41-42;Müslüm Gündüz v. Turkey (dec.), no. 59745/01, 13 November 2003;Okçuoglu v. Turkey [GC], no. 24246/94, § 44, 8 July 1999;Özel v. Turkey, no. 42739/98, §§ 20-21, 7 November 2002;Reinhardt and Slimane-Kaïd v. France, judgment of 31 March 1998, Reports 1998-II, p. 668, point 3 of operative provisions;Sunday Times v. the United Kingdom (no. 1), judgment of 26 April 1979, Series A no. 30, p. 38, § 62;Sürek v. Turkey (no. 1) [GC], no. 26682/95, § 62, § 63, ECHR 1999-IV;Sürek v. Turkey (no. 3) [GC], no. 24735/94, § 40, 8 July 1999;Sürek v. Turkey (no. 4) [GC], no. 24762/94, § 54, 8 July 1999;Tosun v. Turkey (dec.), no. 4124/02, 13 September 2005;Yalçin Küçük v. Turkey, no. 28493/95, § 37, § 38, 5 December 2002;Zana v. Turkey, judgment of 25 November 1997, Reports of Judgments and Decisions 1997-VII, p. 2539, § 10, pp. 2547-2548, § 51, § 60",,2,,Violation of Art. 6-1;Costs and expenses partial award - Convention proceedings,3,,,,,001-72321,6;6-1;7;10;10-1;10-2;29;29-3;41;P1-1,,,5,HEJUD,4.785272,0,0,0.0,0.0,0.0,0.0,0,0.0,0.0,0.0,0.0,0.0,0.0006739093782301564,0.01301236174529192,0.0,0.0,0.0,1.0,0.0,0.0,40.0,40.0,40.0,40.0
62,ECLI:CE:ECHR:2006:0713JUD006227600,62276/00,ROU,ENG,,6;6-1,CASE OF NICHIFOR v. ROMANIA (No. 1),False,13/07/2006 00:00:00,"Frydlender v. France [GC], no. 30979/96, § 43, ECHR 2000-VII, 27 June 2000;Ganci v. Italy, no. 41576/98, § 31, ECHR 2003 XI, 30 October 2003;Messochoritis v. Greece, no. 41867/98, § 23, 12 April 2001;X. v. France du 31 March 1992, Series A no234 C, p. 90 § 31",,2,,Violation of Art. 6-1;Pecuniary damage - claim rejected;Non pecuniary damage - financial award,3,,,,,001-76392,6;6-1;29;29-3;41,,,4,HEJUD,4.7850375,0,0,0.0,0.0,0.0,0.0,0,0.0,0.0,0.0,0.0,0.0,0.0006739093782301564,0.01301236174529192,0.0,0.0,0.0,1.0,0.0,0.0,40.0,40.0,40.0,40.0
63,ECLI:CE:ECHR:2005:1206JUD002987196,29871/96,TUR,ENG,CINAR S.,6;6-1;8,CASE OF İLETMİŞ v. TURKEY  ,False,06/12/2005 00:00:00,"Amrollahi v. Denmark, no. 56811/00, § 33, 11 July 2002;Dalia v. France, judgment of 19 February 1998, Reports of Judgments and Decisions 1998-I, p. 91, § 52;Frydlender v. France [GC], no. 30979/96, ECHR 2000-VII;M. v. Italy, no. 12386/86, decision of the Commission 15 April 1991, Decisions and Reports 70, p. 59;Moustaquim v. Belgium, judgment of 18 February 1991, Series A no. 193, p. 18, § 36;Poiss v. Austria, judgment of 23 April 1987, Series A no. 117, p. 108, § 66",Reports of Judgments and Decisions 2005-XII,2,,Violation of Art. 6-1;Violation of Art. 8;Pecuniary damage - financial award;Non-pecuniary damage - financial award;Costs and expenses partial award - domestic proceedings;Costs and expenses partial award - Convention proceedings,1,,,,29871/96;30979/96;56811/00;12386/86,001-71498,6;6-1;8;8-2;8-1;29;29-3;41,,,5,HEJUD,4.785272,2,0,0.0,0.0,0.0,0.0,0,0.0,0.0,0.0,0.0,0.0,0.0006739093782301564,0.01301236174529192,0.0,1.7347234759768075e-18,1.7347234759768075e-18,1.0,0.0,0.0,40.0,40.0,40.0,40.0
64,ECLI:CE:ECHR:2006:0928JUD001041502,10415/02,RUS,ENG,POZNAKHIRINA S.,6;6-1,CASE OF CHERNYSHOV AND 11 OTHERS v. RUSSIA,False,28/09/2006 00:00:00,"Burdov v. Russia, no. 59498/00, § 19 et seq. et § 26, ECHR 2002-III;Gençel v. Turkey, no. 53431/99, § 27, 23 October 2003;Gerasimova v. Russia, no. 24669/02, § 17 et seq., 13 October 2005;Gizzatova v. Russia, no. 5124/03, § 19 et seq., 13 January 2005;Piersack v. Belgium (Article 50), judgment of 26 October 1984, Series A no. 85, p. 16, § 12;Plotnikovy v. Russia, no. 43883/02, § 23, 24 February 2005;Poznakhirina v. Russia, no. 25964/02, § 33, 24 February 2005;Wasserman v. Russia, no. 15021/02, § 38, 18 November 2004",,2,,Violation of Art. 6-1 and P1-1;Pecuniary damage - Government to secure enforcement of awards by domestic courts,3,,,,10415/02;59498/00;5124/03;24669/02;43883/02;15021/02;53431/99;25964/02,001-77052,6;6-1;29;29-3;41;P1-1;P1-1-1,,,4,HEJUD,4.785272,0,0,0.0,0.0,0.0,0.0,0,0.0,0.0,0.0,0.0,0.0,0.0006739093782301564,0.01301236174529192,0.0,1.387778780781446e-17,1.387778780781446e-17,1.0,0.0,0.0,40.0,40.0,40.0,40.0
65,ECLI:CE:ECHR:2004:0715JUD001943102,19431/02,GRC,ENG,,6;6-1,CASE OF VAYOPOULOU v. GREECE,False,15/07/2004 00:00:00,"Appietto v. France, no. 56927/00, § 21, 25 February 2003;Capuano v. Italy, judgment of 25 June 1987, Series A no. 119-A, p. 15, § 37;Comingersoll S.A. v. Portugal [GC], no. 35382/97, § 24, ECHR 2000-IV;Dikme v. Turkey, no. 20869/92, § 126, ECHR 2000-VIII;Frydlender v. France [GC], no. 30979/96, § 43, ECHR 2000-VII;Golder v. the United Kingdom, judgment of 21 February 1975, Series A no. 18, p. 18, § 36;Iatridis v. Greece (just satisfaction) [GC], no. 31107/96, § 54, ECHR 2000-XI;Probstmeier v. Germany, judgment of 1er July 1997, Reports 1997-IV, p. 1138, § 64;Yagtzilar and Others c.Greece, no. 41727/98, § 26, ECHR 2001-XII",,2,,Violation of Art. 6-1 as concern the length of the proceedings;Inadmissible under Art. 6-1 concerning the right of access to court and under P1-1;Pecuniary damage - financial award;Non-pecuniary damage - financial award;Costs and expenses (domestic proceedings) - claim dismissed;Costs and expenses partial award - Convention proceedings,3,,,,,001-61909,6;6-1;29;29-3;41;P1-1,,,4,HEJUD,4.785272,0,0,0.0,0.0,0.0,0.0,0,0.0,0.0,0.0,0.0,0.0,0.0006739093782301564,0.01301236174529192,0.0,0.0,0.0,1.0,0.0,0.0,40.0,40.0,40.0,40.0
66,ECLI:CE:ECHR:2008:0212JUD001427704,14277/04,MDA,ENG,GRIBINCEA V. ; ZAMA V.,10,CASE OF GUJA v. MOLDOVA,False,12/02/2008 00:00:00,"Ahmed and Others v. the United Kingdom, judgment of 2 September 1998, Reports of Judgments and Decisions 1998-VI, §§ 53, 55 and 56;Amihalachioaie v. Moldova, no. 60115/00, § 47, ECHR 2004-III;Barfod v. Denmark, judgment of 22 February 1989, Series A no. 149, § 29;Bladet Tromsø and Stensaas v. Norway [GC], no. 21980/93, § 65, ECHR 1999-III;Castells v. Spain, judgment of 23 April 1992, Series A no. 236, § 46;De Diego Nafría v. Spain, no. 46833/99, § 37, 14 March 2002;Fressoz and Roire v. France [GC], no. 29183/95, ECHR 1999-I;Fuentes Bobo v. Spain, no. 39293/98, § 38 and § 49, 29 February 2000;Hadjianastassiou v. Greece, judgment of 16 December 1992, Series A no. 252, § 45;Haseldine v. the United Kingdom, no. 18957/91, Commission decision of 13 May 1992, Decisions and Reports (DR) 73;Hertel v. Switzerland, judgment of 25 August 1998, Reports 1998-VI, pp. 2329-30, § 46;Jersild v. Denmark, judgment of 23 September 1994, Series A no. 298, p. 23, § 31;Morissens v. Belgium, no. 11389/85, Commission decision of 3 May 1988, DR 56, p. 127;Prager and Oberschlick v. Austria, judgment of 26 April 1995, Series A no. 313, § 34;Radio Twist, A.S. v. Slovakia, no. 62202/00, ECHR 2006;Steel and Morris v. the United Kingdom, no. 68416/01, § 87, ECHR 2005-II;Stoll v. Switzerland ([GC], no. 69698/01, § 130, 10 December 2007;Sürek v. Turkey (no. 1) [GC], no. 26682/95, § 61, ECHR 1999-IV;Vogt v. Germany, judgment of 26 September 1995, Series A no. 323, § 53 and § 60;Wille v. Liechtenstein [GC], no. 28396/95, § 41, ECHR 1999-VII",Reports of Judgments and Decisions 2008,1,3,Preliminary objection dismissed (applicability);Violation of Art. 10;Pecuniary and non-pecuniary damage - award (global),1,2004 report of the International Commission of Jurists on the rule of law in Moldova;2003 Freedom House report on Moldova;2003 Report by Open Society Justice Initiative and Freedom House Moldova;Termination of Employment Convention no. 158 of the International Labour Organisation;UN Convention against Corruption;Council of Europe's Criminal Law Convention on Corruption of 27 January 1999;Council of Europe's Civil Law Convention on Corruption of 4 November 1999;Recommendation on Codes of Conduct for Public Officials adopted by the Committee of Ministers of the Council of Europe on 11 May 2000 (Rec (2000) 10),,,14277/04;38432/97;28396/95;39293/98;18957/91;68416/01;46833/99;69698/01;26682/95;29183/95;62202/00;11389/85;21980/93;60115/00,001-85016,10;10-1;10-2;29;29-3;41,"<div class=""ExternalClass93CD1FE474B546908DE8D906449CBCFF"">Article 263 of the Labour Code ; Internal Regulations of the Press Department of the Prosecutor General's Office ; Article 190 of the Criminal Code ; Articles 90 and 122 of the Code of Criminal Procedure ; Article 125 of the Constitution ; Sections 3 and 13 of the Prosecuting Authorities' Act ; Petitions Act ; Sections 22 and 23 of the Status of Members of Parliament Act</div>",,8,HEJUD,4.785272,2,1,0.0,0.0,0.0,0.0,0,0.0,0.0,0.0,0.0,0.0,0.0006739093782301564,0.01301236174529192,0.0,0.0,0.0,1.0,0.0,0.0,40.0,40.0,40.0,40.0
67,ECLI:CE:ECHR:2003:0506JUD003934398,39343/98;39651/98;43147/98;46664/99,NLD,ENG,,,CASE OF KLEYN AND OTHERS v. THE NETHERLANDS,True,06/05/2003 00:00:00,"Benthem v. the Netherlands, judgment of 23 October 1985, Series A no. 97;Findlay v. the United Kingdom, judgment of 25 February 1997, Reports of Judgments and Decisions 1997-I, p. 281, § 73;Hauschildt v. Denmark, judgment of 24 May 1989, Series A no. 154, p. 21, § 48;McGonnell v. the United Kingdom, no. 28488/95, § 51, ECHR 2000-II;Morris v. the United Kingdom, no. 38784/97, § 58, ECHR 2002-I;Oerlemans v. the Netherlands, judgment of 27 November 1991, Series A no. 219, pp. 21-22, §§ 50-57;Procola v. Luxembourg, judgment of 28 September 1995, Series A no. 326;Selmouni v. France [GC], no. 25803/94, §§ 74-77, ECHR 1999-V;Stafford v. the United Kingdom [GC], no. 46295/99, § 78, ECHR 2002-IV",Reports of Judgments and Decisions 2003-VI,1,,No violation of Art. 6-1,1,,,,39343/98;39651/98;43147/98;46664/99;1998/28;2001/72;25803/94;28488/95;38784/97;46295/99;24724/94;26760/95,001-61077,6;6-1;29;29-3;35;35-1,"<div class=""ExternalClass63D520DCA519449581B9FFC7A8883C64"">Council of State Act, section 15</div>",6;6-1,8,HEJUD,4.7850375,2,1,0.0,0.0,0.0,0.0,0,0.0,0.0,0.0,0.0,0.0,0.0006739093782301564,0.01301236174529192,0.0,1.387778780781446e-17,1.387778780781446e-17,1.0,0.0,0.0,40.0,40.0,40.0,40.0
68,ECLI:CE:ECHR:2003:1216JUD004884399,48843/99,GBR,ENG,,,CASE OF COOPER v. THE UNITED KINGDOM,True,16/12/2003 00:00:00,"Brumarescu v. Romania [GC], no. 28342/95, ECHR 1999-VII;Cable and Others v. the United Kingdom [GC], nos. 24436/94 and s., 18 February 1999;Campbell and Fell v. the United Kingdom, judgment of 28 June 1984, Series A no. 80, § 80;Christine Goodwin v. the United Kingdom [GC], no. 28957/95, § 74, ECHR 2002-VI;Coyne v. the United Kingdom, judgment of 24 September 1997, Reports 1997-V;Engel and Others v. the Netherlands, judgment of 8 June 1976, Series A no. 22, §§ 30, 82-83, 89;Ezeh and Connors v. Royaume Uni [GC], nos. 39665/98 and 40086/98, §§ 69-130, ECHR 2003;Fey v. Austria, judgment of 24 February 1993, Series A no. 255-A, §§ 27, 28 and 30;Findlay v. the United Kingdom, judgment of 25 February 1997, Reports 1997-I, §§ 52, 73, 77;Holm v. Sweden, judgment of 25 November 1993, Series A no. 279-A, § 30;Hood v. Royaume Uni [GC], no. 27267/95, ECHR 1999-I;Incal v. Turkey, judgment of 9 June 1998, Reports 1998-IV, § 71;Langborger v. Sweden, judgment of 22 June 1989, Series A no. 155, § 32;Morris v. the United Kingdom, no. 38784/97, §§ 59, 61, 62, 66, 68-72, ECHR 2002-I;Van de Hurk v. the Netherlands, judgment of 19 April 1994, Series A no. 288, §§ 45 and 50",Reports of Judgments and Decisions 2003-XII,1,,No violation of Art. 6-1,1,,,,48843/99;38784/97;39665/98;40086/98;28342/95;28957/95;27267/95;24436/94,001-61549,6;6-1;29;29-3;30,"<div class=""ExternalClass80C3F17F5BAA4B1EB297930DC8519FE4"">Air Force Act 1955, as amended by the Armed Forces Act 1996</div>",6;6-1,8,HEJUD,4.7850375,2,1,0.0273972602739726,0.0273972602739726,0.0,0.02702702702702703,1,0.0,0.0273972602739726,2.0,0.0,0.0,0.8942777449114181,0.03773584897755495,0.0,1.0,1.0,2.0,0.0,1.0,1.02,3.0,2.9799999999999995,1.0
69,ECLI:CE:ECHR:2008:1112JUD003450397,34503/97,TUR,ENG,KARADUMAN S.,11,CASE OF DEMİR AND BAYKARA v. TURKEY,True,12/11/2008 00:00:00,"Aerts v. Belgium, 30 July 1998, § 42, Reports 1998-V;Al-Adsani v. the United Kingdom [GC], no. 35763/97, §§ 55, 60, ECHR 2001-XI;Bekos and Koutropoulos v. Greece, no. 15250/02, §§ 33-36, ECHR 2005-... (extracts);Blecic v. Croatia [GC], no. 59532/00, §§ 63-69, ECHR 2006-...;Bosphorus Hava Yollari Turizm ve Ticaret Anonim Sirketi (Bosphorus Airways) v. Ireland [GC], no. 45036/98, § 150, ECHR 2005-VI;Christine Goodwin v. the United Kingdom [GC], no. 28957/95, ECHR 2002-VI;Çiloglu and Others v. Turkey, no. 73333/01, § 17, 6 March 2007;Cobzaru v. Romania, no. 48254/99, §§ 49-50;Council of Civil Service Unions and Others v. Royaume uni, no. 11603/85, decision de la Commission du 20 January 1987, Décisions and rapports 50, p. 256;D.H. and Others v. the Czech Republic [GC], no. 57325/00, §§ 59-65, 184, 192, 200 and 205, ECHR 2007-...;Dicle pour le Party de la démocratie (DEP) v. Turkey, no. 25141/94, § 78, 10 December 2002;Emonet and Others v. Switzerland, no. 39051/03, §§ 65-66, ECHR 2007-...;Fogarty v. the United Kingdom [GC], no. 37112/97, ECHR 2001-XI;Francesco Schettini and Others v. Italy (dec.), no. 29529/95, 9 November 2000;Glass v. the United Kingdom, no. 61827/00, § 75, ECHR 2004-II;Golder v. the United Kingdom, 21 February 1975, §§ 29, 35, Series A no. 18;Gustafsson v. Sweden, § 45, Reports 1996-II;Hatton and Others v. the United Kingdom [GC], no. 36022/97, § 98, ECHR 2003-VIII;Ivanova v. Bulgaria, no. 52435/99, §§ 65-66, ECHR 2007-...;Johnston and Others v. Ireland, 18 December 1986, § 51 and suivants, Series A no. 112;Kadikis v. Latvia (no. 2), no. 62393/00, § 52, 4 May 2006;Kalashnikov v. Russia, no. 47095/99, § 97, ECHR 2002-VI;Lithgow and Others v. the United Kingdom, 8 July 1986, §§ 114 and 117, Series A no. 102;Mamatkoulov and Askarov v. Turkey [GC], nos. 46827/99 and 46951/99, § 121, ECHR 2005-I;Marckx v. Belgium, judgment of 13 June 1979, §§ 20 and 41, Series A no. 31;McElhinney v. Ireland [GC], no. 31253/96, ECHR 2001-XI;Nazarenko v. Ukraine, no. 39483/98, §§ 94-102, 29 April 2003;Öneryildiz v. Turkey [GC], no. 48939/99, §§ 59, 71, 90 and 93, ECHR 2004-XII;Party conservateur russe des entrepreneurs and Others v. Russia, nos. 55066/00 and 55638/00, §§ 70-73, ECHR 2007-...;Party nationaliste basque - Organisation régionale d’Iparralde v. France, no. 71251/01, §§ 45-52, ECHR 2007-...;Party présidentiel de Mordovie v. Russia, no. 65659/01, § 37, 5 October 2004;Pini and Others v. Romania, nos. 78028/01 and 78030/01, §§ 139 and 144, ECHR 2004-V (extracts);Refah Partisi (Party de la prospérité) and Others v. Turkey [GC], nos. 41340/98, 41342/98, 41343/98 and 41344/98, § 100, ECHR 2003-II;Saadi v. the United Kingdom [GC], no. 13229/03, § 62, ECHR 2008-...;Schmidt and Dahlström v. Sweden, judgment of 6 February 1976, §§ 34, 36, Series A no. 21;Selmouni v. France [GC], no. 25803/94, § 101, ECHR 1999-V;Sidiropoulos and Others v. Greece, 10 July 1998, § 40, Reports 1998-IV;Sigurður A. Sigurjónsson v. Iceland, 30 June 1993, § 35, Series A no. 264;Siliadin v. France, 26 October 2005, no. 73316/01, §§ 85-87, 89, ECHR 2005-VII;Slimani v. France, no. 57671/00, §§ 22 and suiv., ECHR 2004-IX (extracts);Soering v. Royaume Uni, judgment of 7 July 1989, § 102, Series A no. 161;Sørensen and Rasmussen v. Denmark [GC], nos. 52562/99 and 52620/99, §§ 58, 72-75, ECHR 2006-...;Stec and Others v. the United Kingdom (dec.) [GC], nos. 65731/01 and 65900/01, §§ 47-48, ECHR 2005-X;National Union of Belgian Police v. Belgium, 27 October 1975, §§ 38, 39, Series A no. 19;Swedish Engine Drivers'Union v. Sweden, 6 February 1976, §§ 37, 39, 40, Series A no. 20;Taskin and Others v. Turkey, no. 49517/99, §§ 99 and 119, 4 December 2003;Tüm Haber Sen and Çinar v. Turkey, no. 28602/95, §§ 29, 33-40, 50, ECHR 2006-...;UNISON v. the United Kingdom (dec.), no. 53574/99, ECHR 2002-I;Vilho Eskelinen and Others v. Finland [GC], no. 63235/00, § 56, ECHR 2007-...;Vo v. France [GC], no. 53924/00, § 82, ECHR 2004-VIII;Wilson, National Union of Journalists and Others v. the United Kingdom, nos. 30668/96, 30671/96 and 30678/96, §§ 41, 44, ECHR 2002-V;Witold Litwa v. Poland, no. 26629/95, §§ 57-59, ECHR 2000-III;Yazar and Others v. Turkey, nos. 22723/93, 22724/93 and 22725/93, § 51, ECHR 2002-II",Reports of Judgments and Decisions 2008,1,,Preliminary objection joined to merits and dismissed (ratione materiae);Violations of Art. 11;Damage - award;Non-pecuniary damage - award,1,"Articles 31 to 33 of the Vienna Convention on the Law of Treaties;Article 8-2 of the International Covenant on Economic, Social and Cultural Rights;Article 22 of the International Covenant on Civil and Political Rights;Article 2 of Convention No. 87 of the International Labour Organisation (ILO) on Freedom of Association and Protection of the Right to Organise;Individual Observation to the Turkish Government concerning Convention No. 87, adopted in 2005, the Committee of Experts on the Application of Conventions and Recommendations;ILO Committee on Freedom of Association;Article 5 and 6-2 of the European Social Charter (revised);Principle no. 8 of Recommendation No. R (2000) 6 of the Committee of Ministers of the Council of Europe on the status of public officials in Europe;Article 12(1) and 28 of the European Union’s Charter of Fundamental Rights;Article 6 of the ILO Convention No. 98 concerning the Application of the Principles of the Right to Organise and to Bargain Collectively;Article 1-1 of the ILO Convention No. 151 concerning Protection of the Right to Organise and Procedures for Determining Conditions of Employment in the Public Service",,,34503/97;59532/00;35763/97;26629/95;13229/03;65731/01;65900/01;45036/98;53924/00;46827/99;46951/99;78028/01;78030/01;39051/03;73316/01;48939/99;55066/00;55638/00;71251/01;73333/01;15250/02;52435/99;48254/99;57325/00;57671/00;39483/98;47095/99;62393/00;52562/99;52620/99;28957/95;63235/00;31253/96;37112/97;61827/00;49517/99;28602/95;11603/85;30668/96;30671/96;30678/96;36022/97;22723/93;22724/93;22725/93;29529/95;53574/99;41340/98;41342/98;41343/98;41344/98;25803/94;25141/94;65659/01;46295/99;40403/02;29556/02;63252/00;56079/00;64886/01;61166/00;57220/00;27928/02;31694/02;58698/00;50278/99,001-89558,11;11-1;11-2;29;29-3;35;35-3;41,"<div class=""ExternalClass850D064416DC47BFB3D6CA3558DE8F79"">Law no. 4688 on civil servants’ trade unions, 25 June 2001</div>",,8,HEJUD,4.7850375,2,1,0.0136986301369863,0.0,0.0136986301369863,0.0,1,0.0,0.0,0.0,0.0,0.0,0.0006739093782301564,0.01301236174529192,2.775557561562892e-17,1.387778780781446e-17,4.163336342344338e-17,1.0,0.0,0.0,3.4949999999999997,3.0,3.005,3.5
70,ECLI:CE:ECHR:2004:0708JUD005392400,53924/00,FRA,ENG,,,CASE OF VO v. FRANCE,True,08/07/2004 00:00:00,"Airey v. Ireland, judgment of 9 October 1979, Series A no 32, §19;Boso v. Italy (déc), no 50490/99, 5 September 2002;Boso v. Italy, no 50490/99, ECHR-2002-VII;Brualla Gómez de la Torre v. Spain judgment of 19 December 1997, Reports 1997-VIII, p. 2955, § 33;Brüggemann and Scheuten v. République fédérale d'Germany, no 6959/75, Commission'report of 12 July 1977, DR 10, p. 123, § 61;Giuliano Lazzarini and Maria Paola Ghiacci v. Italy (déc), no 53749/00, 7 November 2002;H. v. Norway, no 17004/90, decision of the Commission of 19 May 1992, DR 73, p.155 .  Kress v. France [GC], no 39594/98, §§ 14 and ss., ECHR 2001-VI;L.C.B. v. the United Kingdom, judgment of 9 June 1998, Reports 1998-III, § 36;Mastromatteo v. Italy [GC], no 37703/97, § 90, ECHR 2000-VIII;Mc Cann and Others v. the United Kingdom, judgment of 27 September 1995, Series A no 324, § 147;Open Door and Dublin Well Woman v. Ireland , judgment of 29 October 1992, Series A no 246-A, p. 138, § 59, p. 139, § 61, and p. 140, § 64;Perez v. France [GC], no 47287/99, § 70, 12 February 2004;Powell v. the United Kingdom, (déc), no 45305/99, p. 459, ECHR 2000-V;Reeve v. the United Kingdom, no 24844/94, decision of the Commission of 30 November 1994, DR 79-B, p. 146;Stubbings and Others v. the United Kingdom, judgment of 22 October 1996, Reports 1996-IV, § 51, p. 1502-1503;Tyrer v. the United Kingdom judgment of 25 April 1978, Series A no 26, pp. 15-16, § 31;X v. Austria, no 7045/75, decision of the Commission of 10 December 1976, DR 7, p. 87;X. v. Norway, no 867/60, decision of the Commission of 29 May 1961, Reports des decisions, vol. 6, p. 34;X. v. the United Kingdom, no 8416/79, decision of the Commission of 13 May 1980, Decisions and Reports (DR) 19, p. 244, p. 259, § 7, and p. 262",Reports of Judgments and Decisions 2004-VIII,1,,"Preliminary objections rejected (ratione materiae, non-exhaustion of domestic remedies);No violation of Art. 2",1,"Oviedo Convention on Human Rights and Biomedicine;Additional Protocol to the Convention on Human Rights and Biomedicine, on the Prohibition of Cloning Human Beings",,,53924/00;22492/93;22535/93;32967/96;8416/79;2346/02;46221/99;17004/90;50490/99;6959/75;867/60;7045/75;24844/94;45305/99;47287/99;53749/00;37703/97;39594/98;34044/96;35532/97;44801/98;42326/98;9118/80;26757/95;27526/95;54589/00;34406/97,001-61887,2;2-1;29;29-3;35;35-1;36;36-2,,2,8,HEJUD,4.785272,2,1,0.0136986301369863,0.0136986301369863,0.0,0.013513513513513514,1,0.0,0.0136986301369863,1.0,0.0,0.0,0.4474758271448234,0.02537410536142343,0.0,5.551115123125784e-17,5.551115123125784e-17,2.0,0.0,1.0,3.4949999999999997,3.0,3.005,3.5
71,ECLI:CE:ECHR:2008:0919JUD000917402,9174/02,HUN,ENG,CECH A.,7,CASE OF KORBELY v. HUNGARY,True,19/09/2008 00:00:00,"Behrami and Behrami v. France (dec.) [GC], no. 71412/01;C.R. v. the United Kingdom, judgment of 22 November 1995, Series A no. 335-C, pp. 68-69, §§ 32-34;Jorgic v. Germany, no. 74613/01, §§ 100-101, 12 July 2007;Pélissier and Sassi v. France [GC], no. 25444/94, § 67, ECHR 1999-II;S.W. v. the United Kingdom, judgment of 22 November 1995, Series A no. 335-B, pp. 41-42, §§ 34-36;Saramati v. France, Germany and Norway (dec.) [GC], no. 78166/01 (joined), § 122, ECHR 2007;Streletz, Kessler and Krenz v. Germany [GC], nos. 34044/96, 35532/97 and 44801/98, § 50, ECHR 2001-II;Waite and Kennedy v. Germany [GC], no. 26083/94, § 54, ECHR 1999-I",Reports of Judgments and Decisions 2008,1,,Violation of Art. 7;Remainder inadmissible,1,"Article 3 of the Convention (IV) relative to the Protection of Civilian Persons in Time of War (Geneva, 12 August 1949);Article 1 of the Protocol Additional (II) to the Geneva Conventions of 12 August 1949, and relating to the Protection of Victims of Non-International Armed Conflicts, adopted on 8 June 1977;Article 41 (2) of the Protocol Additional (I) to the Geneva Conventions of 12 August 1949, and relating to the Protection of Victims of International Armed Conflicts, adopted on 8 June 1977;Article 6 (c) of the Charter of the International Military Tribunal annexed to the London Agreement (8 August 1945);Article 5 of the Statute of the International Criminal Tribunal for the Former Yugoslavia;Article 3 of the Statute of the International Criminal Tribunal for Rwanda;Article 7 of the Rome Statute of the International Criminal Court;Articles 1 and 2 of the Convention on the Non-Applicability of Statutory Limitations to War Crimes and Crimes against Humanity",,,9174/02;1956/57;34044/96;35532/97;44801/98;74613/01;26083/94;71412/01;78166/01;25444/94,001-88429,6;6-1;7;7-1;29;29-3,"<div class=""ExternalClass9A27DB952C634B1DAA19E458DF59F6CB"">Article 7 (1) of the Constitution ; Section 1 of the Act no. 90 of 1993 on proceedings concerning certain crimes committed during the 1956 uprising and revolution ; Order no. 20/1956 (H.K.6.)VKF of the General Chief of Staff on the Teaching of the 1949 Geneva Conventions</div>",,8,HEJUD,4.7850375,2,1,0.0,0.0,0.0,0.0,0,0.0,0.0,0.0,0.0,0.0,0.0006739093782301564,0.01301236174529192,0.0,6.93889390390723e-18,6.93889390390723e-18,1.0,0.0,0.0,40.0,40.0,40.0,40.0
72,ECLI:CE:ECHR:2003:1216JUD005706700,57067/00,GBR,ENG,,6;6-1,CASE OF GRIEVES v. THE UNITED KINGDOM,False,16/12/2003 00:00:00,"Cooper v. the United Kingdom,no. 48843/99, §§ 107-134, 16 December 2003;Engel and Others v. the Netherlands, judgment of 8 June 1976, Series A no. 22, §§ 82-83;Ezeh and Connors v. Royaume Uni [GC], nos. 39665/98 and 40086/98, §§ 69-130, ECHR 2003;Moore and Gordon v. the United Kingdom, nos. 36529/97 and 37393/97, § 24, 29 September 1999;Smith and Ford v. the United Kingdom, nos. 37475/97 and 39036/97, § 25, 29 September 1999;Smith and Grady v. the United Kingdom (just satisfaction), nos. 33985/96 and 33986/96, § 28, ECHR 2000-IX",Reports of Judgments and Decisions 2003-XII (extracts),1,,Violation of Art. 6-1;Costs and expenses partial award - Convention proceedings,1,,,,57067/00;39665/98;40086/98;37475/97;39036/97;36529/97;37393/97;33985/96;33986/96,001-61550,6;6-1;29;29-3;30;41,"<div class=""ExternalClassA87AFC3CA7814BF1BD8A9DFA435A5B82"">Naval Discipline Act 1957, as amended by the Armed Forces Act 1996</div>",,8,HEJUD,4.7850375,2,1,0.0136986301369863,0.0,0.0136986301369863,0.0,1,0.0,0.0,0.0,0.0,0.0,0.0006739093782301564,0.01301236174529192,0.5,0.0,0.5,1.0,0.0,0.0,3.4949999999999997,3.0,3.005,3.5
73,ECLI:CE:ECHR:2008:0527JUD002656505,26565/05,GBR,ENG,LUQMANI J.THOMPSON & PARTNERS,,CASE OF N. v. THE UNITED KINGDOM,False,27/05/2008 00:00:00,"Ahmed v. Austria, judgment of 17 December 1996, Reports 1996 VI, p. 2207, § 44;Airey v. Ireland, judgment of 9 October 1979, Series A no. 32, § 26;Amegnigan v. the Netherlands (dev.), no. 25629/04, 25 November 2004;Arcila Henao v. the Netherlands (dev.), no. 13669/03, 24 June 2003;B.B. v. France, judgment of 7 September 1998, Reports 1998-VI;Bensaid v. the United Kingdom, no. 44599/98, ECHR 2001 I;D. v. the United Kingdom, judgment 2 May 1997, Reports 1997-III, § 49;H.L.R. v. France, judgment of 29 April 1997, Reports 1997 III, § 32;Jalloh v. Germany [GC], no. 54810/00, § 67, ECHR 2006 ...;Karara v. Finland, no. 40900/98, decision de la Commission du 29 May 1998;Keenan v. the United Kingdom, no. 27229/95, § 116, ECHR 2001 III;Kudla v. Poland [GC], no. 30210/96, § 94, ECHR 2000 XI;Ndangoya v. Sweden (dev.), no. 17868/03, 22 June 2004;Pretty v. the United Kingdom, no. 2346/02, § 52, ECHR 2002 III;Price v. the United Kingdom, no. 33394/96, § 30, ECHR 2001 VII;S.C.C. v. Sweden (dev.), no. 46553/99, 15 February 2000;Saadi v. Italy [GC], no. 37201/06, §§ 124-125, ECHR 2008 ...;Soering v. the United Kingdom, judgment of 7 July 1989, Series A no. 161, p. 161, § 89",Reports of Judgments and Decisions 2008,1,,No violation of Art. 3  in the event of the applicant being removed to Uganda,1,,,,26565/05;54810/00;2346/02;30210/96;27229/95;33394/96;37201/06;40900/98;46553/99;44599/98;13669/03;17868/03;25629/04;24888/94;44558/98;55480/00;59330/00;41874/98;43348/98;23634/94,001-86490,3;29;29-3,,3,8,HEJUD,4.7850375,2,1,0.0,0.0,0.0,0.0,0,0.0,0.0,0.0,0.0,0.0,0.0006739093782301564,0.01301236174529192,0.0,2.775557561562892e-17,2.775557561562892e-17,1.0,0.0,0.0,40.0,40.0,40.0,40.0
